mentor_name,protege_name,mentor_background,protege_background,protege_role,mentor_coordinator_type,fourth_down_mentor,fourth_down_protege,fourth_down_mentor_eradj,fourth_down_protege_eradj,pass_heavy_mentor,pass_heavy_protege,pass_heavy_mentor_eradj,pass_heavy_protege_eradj,deep_pass_mentor,deep_pass_protege,deep_pass_mentor_eradj,deep_pass_protege_eradj,two_point_mentor,two_point_protege,two_point_mentor_eradj,two_point_protege_eradj,composite_mentor,composite_protege,composite_mentor_eradj,composite_protege_eradj
John Fox,Adam Gase,Defensive,Offensive,OC,DC,-0.0143647259757515,-0.0020873345561616204,-0.005851459615646106,-0.0057000215344209185,-0.0479558349105589,-0.02329375658161082,-0.04181144351076462,-0.03166970773214457,0.0028573808779407423,-0.00896060029258214,-0.002888811418676029,-0.007705982623342817,-0.015243787744851323,0.0008146863906088195,-0.013642381620794808,-0.022026437354970625,-0.020770252538388358,-0.009009985297903339,-0.018024346063301642,-0.016871905977442148
Rex Ryan,Anthony Lynn,Defensive,Offensive,OC,DC,-0.019011379339764413,0.016953838655742525,-0.008453628193483448,0.009432760488104324,-0.06908582489115876,0.01578511345624935,-0.06887042223932885,0.008085899604165989,0.027051630655287713,0.003872854288370125,0.018056552006992993,0.006476859281996845,-0.00255870983897815,0.04487002219707885,-0.0007271735630984049,0.020310751670761067,-0.019436669098525525,0.019922851890350275,-0.018843514431209733,0.011396115616228226
Dan Campbell,Anthony Lynn,Offensive,Offensive,OC,Other,0.09423121494386348,0.016953838655742525,0.06305719218865159,0.009432760488104324,-0.016988245650784176,0.01578511345624935,-0.023030152200021078,0.008085899604165989,-0.06100490840658643,0.003872854288370125,-0.05039704297908038,0.006476859281996845,0.06104824472520625,0.04487002219707885,0.026393698391439433,0.020310751670761067,0.011290554920329026,0.019922851890350275,-0.0016149349954588956,0.011396115616228226
Mike Vrabel,Arthur Smith,Defensive,Offensive,OC,DC,0.01510345829436145,0.017698402537404703,-0.0052961410037504235,-0.01181202037267987,-0.05912300438762524,-0.05775905489473301,-0.06850551309265417,-0.06562549728305044,0.011491134439826,0.029662035203425533,0.0192343244983656,0.041155724869364495,0.013957447861263414,0.029206310990890234,-0.01749404960469177,-0.0035449206585507487,-0.008727482217383483,-4.314636882110009e-05,-0.020529747428403796,-0.012576064090491232
Mike Tomlin,Arthur Smith,Defensive,Offensive,OC,DC,-0.0029910092097404674,0.017698402537404703,-0.006436325897390662,-0.01181202037267987,0.013989231183528496,-0.05775905489473301,0.013140403052786019,-0.06562549728305044,0.005984371602455766,0.029662035203425533,0.00516738784917403,0.041155724869364495,0.02667349321754687,0.029206310990890234,0.01462899567622514,-0.0035449206585507487,0.011442073178764771,-4.314636882110009e-05,0.007857658471114482,-0.012576064090491232
Tom Coughlin,Ben McAdoo,Offensive,Offensive,OC,Other,-0.007107167235871339,0.01072576941411265,0.0015284631795430298,0.01862721549767317,-0.010005711885487132,0.017829864228230248,-0.0017140391369892412,0.01323784888450652,0.03144956751780144,-0.02222082432865695,0.025124635062583722,-0.025073315832269003,-0.02236678962837124,0.028219902973332198,-0.018070069391454516,0.01634473853308768,-0.00143190633462438,0.0070512455123402495,0.002472657965137936,0.004003862864048967
Matt Rhule,Ben McAdoo,Both,Offensive,OC,Other,0.022375364982742934,0.01072576941411265,-0.0013623817884322192,0.01862721549767317,0.020455842066429464,0.017829864228230248,0.013505185218860937,0.01323784888450652,-0.0241450447249668,-0.02222082432865695,-0.012911036153203785,-0.025073315832269003,0.04981209429725777,0.028219902973332198,0.02165289067607108,0.01634473853308768,0.013036685290869434,0.0070512455123402495,0.002756508892659059,0.004003862864048967
Bill Parcells,Bill Belichick,Defensive,Defensive,DC,DC,0.0377327995869357,-0.002054349980882972,0.043345278206638874,-0.003178705506850001,-0.0163170781034415,0.029019765983609766,0.0158311737852856,0.02998852401512965,0.0337212241270897,-0.02016097535345067,0.03388215719020459,-0.021410706865015314,0.0178908633542623,0.002891651909645134,0.02483521740425612,-0.006524576496302251,0.0150462123411432,0.003690208243715334,0.02767975701562585,0.0015867241567663738
Marty Schottenheimer,Bill Cowher,Defensive,Defensive,DC,DC,0.0132204645518286,0.0105757387661502,0.018832943171531776,0.01618821738585338,-0.0509894580791031,-0.0433606425739981,-0.018841206190376,-0.011212390685270995,0.0450652231685723,0.0525114381256286,0.045226156231687194,0.05267237118874349,-0.0120786496694446,-0.0064716615147406,-0.0051342956194507785,0.0004726925352532222,-0.0051357239296298,-0.0002460388620972,0.00749782074485285,0.01238750581238545
Bill Belichick,Bill O'Brien,Defensive,Offensive,OC,DC,-0.002054349980882972,-0.008931547314268215,-0.003178705506850001,-0.008480300973916362,0.029019765983609766,-0.008429299426889898,0.02998852401512965,-0.016650278489286244,-0.02016097535345067,0.03164960389820446,-0.021410706865015314,0.030854702270720506,0.002891651909645134,-0.028799272901465073,-0.006524576496302251,-0.0449868514969694,0.003690208243715334,-0.0017969900309622712,0.0015867241567663738,-0.008016760602090996
Tom Coughlin,Bobby Petrino,Offensive,Offensive,OC,Other,-0.007107167235871339,-0.0174182074797251,0.0015284631795430298,-0.015718609742605888,-0.010005711885487132,-0.008260254100135,-0.0017140391369892412,0.007517175544931741,0.03144956751780144,-0.0816288545715022,0.025124635062583722,-0.07985126241810044,-0.02236678962837124,0.0527392880194383,-0.018070069391454516,0.05134946559829381,-0.00143190633462438,-0.0148775621559496,0.002472657965137936,-0.009570363875458562
Andy Reid,Brad Childress,Offensive,Offensive,OC,Other,-0.012699473927272284,-0.0064237001592170415,-0.015668064546114406,-0.0018613863486321418,0.06423508779689172,-0.0488106360481701,0.06512294808822659,-0.0297672446668999,-0.02392779472649705,-0.034956319989862164,-0.024693309173652644,-0.03499493240629524,-0.004577348375452105,-0.006978517216247142,-0.015622432675125645,-0.0010466986213443212,0.009200901935775016,-0.026828399128780663,0.006470064037710671,-0.01848694629985135
Pat Shurmur,Brad Childress,Offensive,Offensive,OC,OC,-0.0037892391823481,-0.0064237001592170415,-0.0006295639447073623,-0.0018613863486321418,0.006433839005697224,-0.0488106360481701,0.002543932433573462,-0.0297672446668999,-0.023599913859031475,-0.034956319989862164,-0.03198683465066709,-0.03499493240629524,0.019159892489144525,-0.006978517216247142,0.005330350564314896,-0.0010466986213443212,0.0002555384648159492,-0.026828399128780663,-0.004825867752163881,-0.01848694629985135
Sean McVay,Brandon Staley,Offensive,Defensive,DC,OC,0.009544972016397625,0.06948111791058094,-0.009802578445027417,0.03997069500049636,0.019323990911334476,0.06800631592392374,0.012453430710674344,0.06013987353560631,0.00015183024598345077,-0.01854640492475663,0.006757765456549835,-0.007052715258817672,0.007905098848190175,0.048195435397657894,-0.021701809581852124,0.015444203748216917,0.0099083290798549,0.04145985002884373,-0.000807784015100083,0.028926932307173605
Dennis Green,Brian Billick,Offensive,Offensive,OC,Other,-0.0575796427351558,-0.009627408411801,-0.05196716411545262,-0.005971370233389804,-0.0283343494907241,-0.02328422643134445,0.003813902398003003,0.0006786143355524722,-0.0372816670312603,0.007797497440213201,-0.03712073396814541,0.008766760048471524,-0.0134526542439716,0.02933464993914625,-0.006508300193977777,0.03211191575357091,-0.0333358719901573,-0.0010858203957474,-0.02070232731567465,0.007884551081739445
Zac Taylor,Brian Callahan,Offensive,Offensive,OC,Other,0.019670405299290584,0.0199334844040137,-0.005705309458829052,-0.016231337886580134,0.05949790813777763,-0.0565002209264647,0.051980601220369516,-0.05706851995846003,-0.017327529389055,-0.0135536008957185,-0.008979255820819557,-0.005603208183511191,0.008556535932867317,0.04358602065804,-0.02411618346717852,0.0032215302712956737,0.019930369079687548,-0.0086530536322771,0.007559057339428206,-0.022676260130418388
Eric Mangini,Brian Daboll,Defensive,Offensive,OC,DC,-0.0038139204367192993,0.026574237096400066,0.0007483933738655985,-0.002701944607581467,-0.0507156578298497,-0.011183707799754633,-0.0316722664485795,-0.015493381678915634,-0.01704970591089398,-0.06047697911559343,-0.01708831832732706,-0.050557739578094,0.0176504481141278,0.1050669727999956,0.02358226670903062,0.06880715265506863,-0.01676561211581164,0.0090239090069975,-0.00842415928688233,-0.0034288623208539315
Tony Sparano,Brian Daboll,Offensive,Offensive,OC,OC,-0.011824025363163699,0.026574237096400066,-0.004714936057010188,-0.002701944607581467,-0.03718476715727595,-0.011183707799754633,-0.023606080660699164,-0.015493381678915634,0.0202938151705927,-0.06047697911559343,0.01463756790238209,-0.050557739578094,-0.010594438277083574,0.1050669727999956,-0.003231317133761326,0.06880715265506863,-0.011898223814755625,0.0090239090069975,-0.005575673545527477,-0.0034288623208539315
Romeo Crennel,Brian Daboll,Defensive,Offensive,OC,DC,-0.012374166116053376,0.026574237096400066,-0.004619527135990349,-0.002701944607581467,-0.05889936466189062,-0.011183707799754633,-0.04098604919364472,-0.015493381678915634,-0.02484785442116395,-0.06047697911559343,-0.027552804027908023,-0.050557739578094,-0.005972567660002499,0.1050669727999956,-0.001832894314412051,0.06880715265506863,-0.031303392671684596,0.0090239090069975,-0.023531147429152334,-0.0034288623208539315
Sean McDermott,Brian Daboll,Defensive,Offensive,OC,DC,0.03513086686763343,0.026574237096400066,0.01578331640620838,-0.002701944607581467,0.029334186768666125,-0.011183707799754633,0.022463626568005997,-0.015493381678915634,0.026346392490129898,-0.06047697911559343,0.03295232770069629,-0.050557739578094,0.023014090139262613,0.1050669727999956,-0.006592818290779689,0.06880715265506863,0.0277742358190501,0.0090239090069975,0.017058122724095116,-0.0034288623208539315
Kevin O'Connell,Brian Flores,Offensive,Defensive,DC,OC,0.03007390275150147,0.029338593115116402,0.0007977210475199349,0.007863345302858664,0.053936722666699834,0.050258628931618664,0.049627048787538826,0.039533688975963426,0.018400663971552933,0.0023230609846093334,0.028319903509052374,0.009100368583580785,-0.009285128049085366,0.008503468367201167,-0.04554494819401233,-0.020582150287963553,0.025352574963758565,0.025388714119024866,0.012899803635907134,0.013098861966357614
Mike Tomlin,Bruce Arians,Defensive,Offensive,OC,DC,-0.0029910092097404674,-0.009113288082998437,-0.006436325897390662,-0.011003083564754029,0.013989231183528496,0.04120702566371814,0.013140403052786019,0.03342887484665381,0.005984371602455766,0.07076001026674897,0.00516738784917403,0.06919154158258466,0.02667349321754687,0.015761356052251863,0.01462899567622514,0.002353941487025251,0.011442073178764771,0.031613461686049615,0.007857658471114482,0.02547085463591392
Chuck Pagano,Bruce Arians,Defensive,Offensive,OC,DC,-0.0162588447843655,-0.009113288082998437,-0.00519038432772745,-0.011003083564754029,0.04664583264083682,0.04120702566371814,0.04189454418707522,0.03342887484665381,0.022009780178582464,0.07076001026674897,0.013965139561403224,0.06919154158258466,0.00779294999069875,0.015761356052251863,0.005161259538455395,0.002353941487025251,0.017879410638668634,0.031613461686049615,0.01616606625019435,0.02547085463591392
Marty Schottenheimer,Cam Cameron,Defensive,Offensive,OC,DC,0.0132204645518286,0.0279275263096644,0.018832943171531776,0.029627124046783613,-0.0509894580791031,-0.0295437999881139,-0.018841206190376,-0.013766370343047157,0.0450652231685723,0.0394366360592167,0.045226156231687194,0.041214228212618456,-0.0120786496694446,0.0232204719022774,-0.0051342956194507785,0.021830649481132912,-0.0051357239296298,0.0109689376545643,0.00749782074485285,0.016276135935055336
John Harbaugh,Cam Cameron,Both,Offensive,OC,Other,0.012328061380964477,0.0279275263096644,0.008580102668327845,0.029627124046783613,-0.019551078417772007,-0.0295437999881139,-0.02137792171179738,-0.013766370343047157,0.004161842112310023,0.0394366360592167,0.0031922362468704358,0.041214228212618456,0.01984251195354056,0.0232204719022774,0.007171268816914289,0.021830649481132912,0.0020985574183320236,0.0109689376545643,-0.0020088933474442265,0.016276135935055336
Bill Cowher,Chan Gailey,Defensive,Both,OC,DC,0.0105757387661502,-0.0009815268456680667,0.01618821738585338,0.012307990207004814,-0.0433606425739981,-0.0185714953711295,-0.011212390685270995,-0.013114454052454828,0.0525114381256286,-0.009590493662417434,0.05267237118874349,-0.02379041177585901,-0.0064716615147406,-0.02989868726126847,0.0004726925352532222,-0.021664299894062548,-0.0002460388620972,-0.014799758576361066,0.01238750581238545,-0.011581297395530807
Herm Edwards,Chan Gailey,Both,Both,OC,Other,0.004920539979265433,-0.0009815268456680667,0.009558930900316195,0.012307990207004814,-0.033935657401123066,-0.0185714953711295,-0.010565455425788317,-0.013114454052454828,0.005910785406969334,-0.009590493662417434,0.007433576408926119,-0.02379041177585901,0.005323125422054299,-0.02989868726126847,0.00943858393522203,-0.021664299894062548,-0.006577632818258901,-0.014799758576361066,0.003121616301038091,-0.011581297395530807
Todd Bowles,Chan Gailey,Defensive,Both,OC,DC,-0.0052922540459214,-0.0009815268456680667,-0.01528822753310284,0.012307990207004814,-0.0010208309030506012,-0.0185714953711295,-0.007085035746374523,-0.013114454052454828,0.004686579139317714,-0.009590493662417434,0.00812343085230012,-0.02379041177585901,0.015007677850931227,-0.02989868726126847,-0.010830862740207595,-0.021664299894062548,0.002154307772319343,-0.014799758576361066,-0.0063446576008604535,-0.011581297395530807
Brian Flores,Chan Gailey,Defensive,Both,OC,DC,0.029338593115116402,-0.0009815268456680667,0.007863345302858664,0.012307990207004814,0.050258628931618664,-0.0185714953711295,0.039533688975963426,-0.013114454052454828,0.0023230609846093334,-0.009590493662417434,0.009100368583580785,-0.02379041177585901,0.008503468367201167,-0.02989868726126847,-0.020582150287963553,-0.021664299894062548,0.025388714119024866,-0.014799758576361066,0.013098861966357614,-0.011581297395530807
Pete Carroll,Chip Kelly,Defensive,Both,OC,DC,-0.005448911339699222,-0.016442733831329475,-0.007821887414550945,-0.005061392532613539,-0.0007894892023553571,-0.018863087604027377,-0.00578765455547668,-0.02685040168563657,0.010266820461332178,0.004276104847323275,0.008193942871381041,-0.0035533003755054645,0.0034524761017339077,0.009461529417529374,-0.009690972701868385,0.006406362342915431,0.0019406907772600217,-0.006676487035754175,-0.003304274056076754,-0.009521285272680938
John Harbaugh,Chuck Pagano,Both,Defensive,DC,Other,0.012328061380964477,-0.0162588447843655,0.008580102668327845,-0.00519038432772745,-0.019551078417772007,0.04664583264083682,-0.02137792171179738,0.04189454418707522,0.004161842112310023,0.022009780178582464,0.0031922362468704358,0.013965139561403224,0.01984251195354056,0.00779294999069875,0.007171268816914289,0.005161259538455395,0.0020985574183320236,0.017879410638668634,-0.0020088933474442265,0.01616606625019435
Matt Nagy,Chuck Pagano,Offensive,Defensive,DC,OC,0.03173183951616725,-0.0162588447843655,0.014048371274337133,-0.00519038432772745,0.0215988718296426,0.04664583264083682,0.010615289423471123,0.04189454418707522,-0.0029790841400168496,0.022009780178582464,0.0031838694727197997,0.013965139561403224,0.030490337425501324,0.00779294999069875,0.00041683373857768265,0.005161259538455395,0.0202035308405239,0.017879410638668634,0.008333909895346686,0.01616606625019435
Pete Carroll,Dan Quinn,Defensive,Defensive,DC,DC,-0.005448911339699222,0.0120649323096991,-0.007821887414550945,0.005512605293014874,-0.0007894892023553571,0.024876149579553915,-0.00578765455547668,0.01758687435022807,0.010266820461332178,0.015164580601118343,0.008193942871381041,0.016580125713971817,0.0034524761017339077,0.0271815206398098,-0.009690972701868385,0.002913957046217945,0.0019406907772600217,0.0191406387566182,-0.003304274056076754,0.010745844341582492
Mike McCarthy,Dan Quinn,Offensive,Defensive,DC,OC,0.003433053780342445,0.0120649323096991,0.0009158424162591795,0.005512605293014874,0.04434998876746694,0.024876149579553915,0.045974188135626204,0.01758687435022807,-0.0007701150395954163,0.015164580601118343,-0.0014678246441725666,0.016580125713971817,0.004692790443727473,0.0271815206398098,-0.005196951317727878,0.002913957046217945,0.014775099691015746,0.0191406387566182,0.012627638078875049,0.010745844341582492
Todd Bowles,Dave Canales,Defensive,Offensive,OC,DC,-0.0052922540459214,0.0583612268949391,-0.01528822753310284,0.022196404604345264,-0.0010208309030506012,-0.0099124756534961,-0.007085035746374523,-0.010480774685491428,0.004686579139317714,0.01426452191269,0.00812343085230012,0.02221491462489731,0.015007677850931227,0.0093849543890859,-0.010830862740207595,-0.030979535997658427,0.002154307772319343,0.015336622432927,-0.0063446576008604535,0.0013134159347857124
Kyle Shanahan,DeMeco Ryans,Offensive,Defensive,DC,OC,0.004906552226819988,0.006908806073426951,-0.014440998234605054,-0.02806500944191844,-0.027038780468169474,0.0176175855741114,-0.033909340668829606,0.01167477163899195,-0.015116459556183626,0.0391087627237903,-0.008510524345617242,0.04829557137763593,-0.0041057243611168255,0.049017989022703004,-0.033712632791159124,0.009159261248145985,-0.01221597925212985,0.02722609677083735,-0.022932092347084834,0.0121482316697199
John Fox,Dennis Allen,Defensive,Defensive,DC,DC,-0.0143647259757515,0.0054615457667196825,-0.005851459615646106,-0.0021355613340033317,-0.0479558349105589,-0.01431124754418435,-0.04181144351076462,-0.018257222519515733,0.0028573808779407423,-0.0042801296368077495,-0.002888811418676029,-0.005695209105961656,-0.015243787744851323,-0.05192012959868065,-0.013642381620794808,-0.0661728693032224,-0.020770252538388358,-0.007544409260442065,-0.018024346063301642,-0.013563219928509196
Sean Payton,Dennis Allen,Offensive,Defensive,DC,OC,0.017119163509369047,0.0054615457667196825,0.013847064048554555,-0.0021355613340033317,0.028267935693049674,-0.01431124754418435,0.029230881772792455,-0.018257222519515733,-0.03409723220267146,-0.0042801296368077495,-0.03471727363607832,-0.005695209105961656,-0.004784879832796995,-0.05192012959868065,-0.015667639518149288,-0.0661728693032224,0.002423274890535835,-0.007544409260442065,-0.0003222880444136503,-0.013563219928509196
Tom Coughlin,Dick Jauron,Offensive,Defensive,DC,Other,-0.007107167235871339,-0.0038403024099968987,0.0015284631795430298,-0.0005944860148674952,-0.010005711885487132,-0.0508279194457169,-0.0017140391369892412,-0.028974929567952813,0.03144956751780144,-0.040226495053016675,0.025124635062583722,-0.03859521529022861,-0.02236678962837124,-0.022673655340487552,-0.018070069391454516,-0.01904461235464276,-0.00143190633462438,-0.030920156639209925,0.002472657965137936,-0.022028458113801525
Pat Shurmur,Dick Jauron,Offensive,Defensive,DC,OC,-0.0037892391823481,-0.0038403024099968987,-0.0006295639447073623,-0.0005944860148674952,0.006433839005697224,-0.0508279194457169,0.002543932433573462,-0.028974929567952813,-0.023599913859031475,-0.040226495053016675,-0.03198683465066709,-0.03859521529022861,0.019159892489144525,-0.022673655340487552,0.005330350564314896,-0.01904461235464276,0.0002555384648159492,-0.030920156639209925,-0.004825867752163881,-0.022028458113801525
Jack Del Rio,Dirk Koetter,Defensive,Offensive,OC,DC,0.008862954606015834,-0.017765135130901732,0.015519987251977856,-0.014600214252043808,-0.0351858040768698,0.021020999711048566,-0.0257991901866435,0.014039819562659357,0.0083386647493215,0.1140465092489182,0.004926874512434888,0.11358481213118758,-0.003584725824822522,0.0139392163829193,-0.004034297904694983,-0.004989946171310512,-0.008299157678277989,0.0345493475805164,-0.004776332375401422,0.02898145004075318
Mike Smith,Dirk Koetter,Defensive,Offensive,OC,DC,-0.009661828654867857,-0.017765135130901732,0.00043563702116365205,-0.014600214252043808,0.015160914220163527,0.021020999711048566,0.021384902473278077,0.014039819562659357,0.015727189706561957,0.1140465092489182,0.007031020492238501,0.11358481213118758,-0.007318958983291114,0.0139392163829193,0.00021182769968307747,-0.004989946171310512,0.004891295535877817,0.0345493475805164,0.00868210282902983,0.02898145004075318
Lovie Smith,Dirk Koetter,Defensive,Offensive,OC,DC,-0.01574245974537283,-0.017765135130901732,-0.01012315355226864,-0.014600214252043808,-0.00999913561852927,0.021020999711048566,-0.001291876416956209,0.014039819562659357,0.02395181076031126,0.1140465092489182,0.02029901738801629,0.11358481213118758,0.004891971691359299,0.0139392163829193,0.005996961463228997,-0.004989946171310512,-0.00019072938916007038,0.0345493475805164,0.0031883509370997237,0.02898145004075318
Dan Quinn,Dirk Koetter,Defensive,Offensive,OC,DC,0.0120649323096991,-0.017765135130901732,0.005512605293014874,-0.014600214252043808,0.024876149579553915,0.021020999711048566,0.01758687435022807,0.014039819562659357,0.015164580601118343,0.1140465092489182,0.016580125713971817,0.11358481213118758,0.0271815206398098,0.0139392163829193,0.002913957046217945,-0.004989946171310512,0.0191406387566182,0.0345493475805164,0.010745844341582492,0.02898145004075318
Sean Payton,Doug Marrone,Offensive,Offensive,OC,OC,0.017119163509369047,-0.007467069464344983,0.013847064048554555,-0.008290701684352668,0.028267935693049674,-0.0055656593000584,0.029230881772792455,-0.01274671589502808,-0.03409723220267146,-0.02955360368080907,-0.03471727363607832,-0.03162760435082044,-0.004784879832796995,0.058574878647549795,-0.015667639518149288,0.04537714902411657,0.002423274890535835,-0.00025653606808900077,-0.0003222880444136503,-0.006065324190351464
Andy Reid,Doug Pederson,Offensive,Offensive,OC,Other,-0.012699473927272284,0.04419725115649605,-0.015668064546114406,0.030960753656090915,0.06423508779689172,0.019010994046876752,0.06512294808822659,0.012159896873107777,-0.02392779472649705,8.465481656084962e-05,-0.024693309173652644,0.004588505686397716,-0.004577348375452105,0.12280413085817152,-0.015622432675125645,0.09493099596283675,0.009200901935775016,0.043750553306057385,0.006470064037710671,0.03416706363340134
Bill Belichick,Eric Mangini,Defensive,Defensive,DC,DC,-0.002054349980882972,-0.0038139204367192993,-0.003178705506850001,0.0007483933738655985,0.029019765983609766,-0.0507156578298497,0.02998852401512965,-0.0316722664485795,-0.02016097535345067,-0.01704970591089398,-0.021410706865015314,-0.01708831832732706,0.002891651909645134,0.0176504481141278,-0.006524576496302251,0.02358226670903062,0.003690208243715334,-0.01676561211581164,0.0015867241567663738,-0.00842415928688233
Jim Tomsula,Eric Mangini,Defensive,Defensive,DC,Other,-0.0091565605399678,-0.0038139204367192993,-0.0007945924748670539,0.0007483933738655985,0.0118261583091342,-0.0507156578298497,0.0032492864885173885,-0.0316722664485795,-0.0277176729761453,-0.01704970591089398,-0.03203233824457491,-0.01708831832732706,0.0233214110678249,0.0176504481141278,0.008018575027323461,0.02358226670903062,-0.0024643551926419,-0.01676561211581164,-0.007895106202056516,-0.00842415928688233
Mike McCoy,Frank Reich,Offensive,Offensive,OC,OC,-0.027904410067279825,0.024453591220694598,-0.016523068768563888,0.004053991922582728,0.003823215176540775,0.00025610862958,-0.004164098905068421,-0.00912640007544893,-0.006495337812836274,-0.024547949506242433,-0.014324743035665015,-0.016804759447702832,-0.0267901959320046,0.0030961746605573,-0.029845363006618546,-0.028355322805397886,-0.011741120984483676,0.0019115386538483671,-0.014585919221410438,-0.009890726557171945
Doug Pederson,Frank Reich,Offensive,Offensive,OC,OC,0.04419725115649605,0.024453591220694598,0.030960753656090915,0.004053991922582728,0.019010994046876752,0.00025610862958,0.012159896873107777,-0.00912640007544893,8.465481656084962e-05,-0.024547949506242433,0.004588505686397716,-0.016804759447702832,0.12280413085817152,0.0030961746605573,0.09493099596283675,-0.028355322805397886,0.043750553306057385,0.0019115386538483671,0.03416706363340134,-0.009890726557171945
Hue Jackson,Freddie Kitchens,Offensive,Offensive,OC,OC,-0.003318449918829975,0.0657073721269596,0.002289456872441456,0.05461395492245803,-0.0115277578670743,0.0150087794174842,-0.01500777532492871,0.002642536325979954,0.0244753331904083,0.0291961009683057,0.019005709908570232,0.02721009935473806,0.061661269791003274,0.0005159867229705,0.04880137868223697,-0.03132526326463044,0.010491446676904225,0.0267818375329607,0.006696443493891738,0.013550226488270667
Joe Judge,Freddie Kitchens,Offensive,Offensive,OC,Other,0.02066820920181155,0.0657073721269596,-0.005997953914324274,0.05461395492245803,0.00330036998423165,0.0150087794174842,-0.006603918403499092,0.002642536325979954,-0.0229375446194828,0.0291961009683057,-0.011778582414241802,0.02721009935473806,0.0588967618388245,0.0005159867229705,0.031188958849877886,-0.03132526326463044,0.00757201706106455,0.0267818375329607,-0.004246955645591313,0.013550226488270667
Mike Shanahan,Gary Kubiak,Offensive,Offensive,OC,OC,-0.0006705653097574289,-0.00377416726730665,0.008767442127816702,0.004777531805167479,-0.021233428462726186,-0.009028888164535762,-0.00962164680786441,-0.0011364828641225219,0.015547056700164028,-0.01094513328340524,0.00792296086318192,-0.016932085454438514,-0.022528845419282156,0.0014228126173957902,-0.016828154361292966,0.0025031387320630697,-0.007419453361314443,-0.0064490204736406005,-0.002161540953587647,-0.003184918044919628
John Harbaugh,Gary Kubiak,Both,Offensive,OC,Other,0.012328061380964477,-0.00377416726730665,0.008580102668327845,0.004777531805167479,-0.019551078417772007,-0.009028888164535762,-0.02137792171179738,-0.0011364828641225219,0.004161842112310023,-0.01094513328340524,0.0031922362468704358,-0.016932085454438514,0.01984251195354056,0.0014228126173957902,0.007171268816914289,0.0025031387320630697,0.0020985574183320236,-0.0064490204736406005,-0.0020088933474442265,-0.003184918044919628
Mike Zimmer,Gary Kubiak,Both,Offensive,OC,DC,0.004736738256906249,-0.00377416726730665,0.0005231355661012521,0.004777531805167479,-0.006405125300339725,-0.009028888164535762,-0.0150033075498696,-0.0011364828641225219,-0.03597630375298534,-0.01094513328340524,-0.035087624789843064,-0.016932085454438514,0.018072288412623264,0.0014228126173957902,0.00017831652902117667,0.0025031387320630697,-0.0054365170828743,-0.0064490204736406005,-0.012661772042561607,-0.003184918044919628
Pete Carroll,Gus Bradley,Defensive,Defensive,DC,DC,-0.005448911339699222,0.0018856446730653247,-0.007821887414550945,0.013266985971781262,-0.0007894892023553571,0.0072097399091661,-0.00578765455547668,-0.0007775741724430963,0.010266820461332178,0.006733839222375301,0.008193942871381041,-0.0010955660004534403,0.0034524761017339077,0.02876532457180145,-0.009690972701868385,0.025710157497187507,0.0019406907772600217,0.01002710679860155,-0.003304274056076754,0.0071823085616747875
Anthony Lynn,Gus Bradley,Offensive,Defensive,DC,OC,0.016953838655742525,0.0018856446730653247,0.009432760488104324,0.013266985971781262,0.01578511345624935,0.0072097399091661,0.008085899604165989,-0.0007775741724430963,0.003872854288370125,0.006733839222375301,0.006476859281996845,-0.0010955660004534403,0.04487002219707885,0.02876532457180145,0.020310751670761067,0.025710157497187507,0.019922851890350275,0.01002710679860155,0.011396115616228226,0.0071823085616747875
Jon Gruden,Gus Bradley,Offensive,Defensive,DC,OC,-0.0117956574240803,0.0018856446730653247,-0.019912614596104324,0.013266985971781262,-0.0015744044110810001,0.0072097399091661,0.0021650636319644756,-0.0007775741724430963,-0.052649758355970355,0.006733839222375301,-0.048475445862139366,-0.0010955660004534403,-0.007176815350118658,0.02876532457180145,-0.02259790666557457,0.025710157497187507,-0.0163954261707667,0.01002710679860155,-0.01902124565974068,0.0071823085616747875
Frank Reich,Gus Bradley,Offensive,Defensive,DC,OC,0.024453591220694598,0.0018856446730653247,0.004053991922582728,0.013266985971781262,0.00025610862958,0.0072097399091661,-0.00912640007544893,-0.0007775741724430963,-0.024547949506242433,0.006733839222375301,-0.016804759447702832,-0.0010955660004534403,0.0030961746605573,0.02876532457180145,-0.028355322805397886,0.025710157497187507,0.0019115386538483671,0.01002710679860155,-0.009890726557171945,0.0071823085616747875
Shane Steichen,Gus Bradley,Offensive,Defensive,DC,OC,0.06563413003207345,0.0018856446730653247,0.03066031451672806,0.013266985971781262,-0.0361377045746267,0.0072097399091661,-0.042080518509746145,-0.0007775741724430963,0.01804382787443535,0.006733839222375301,0.027230636528280984,-0.0010955660004534403,0.0252055603248264,0.02876532457180145,-0.014653167449730616,0.025710157497187507,0.01281208058655415,0.01002710679860155,-0.002265784514563299,0.0071823085616747875
Bobby Petrino,Hue Jackson,Offensive,Offensive,OC,OC,-0.0174182074797251,-0.003318449918829975,-0.015718609742605888,0.002289456872441456,-0.008260254100135,-0.0115277578670743,0.007517175544931741,-0.01500777532492871,-0.0816288545715022,0.0244753331904083,-0.07985126241810044,0.019005709908570232,0.0527392880194383,0.061661269791003274,0.05134946559829381,0.04880137868223697,-0.0148775621559496,0.010491446676904225,-0.009570363875458562,0.006696443493891738
Tom Cable,Hue Jackson,Offensive,Offensive,OC,Other,0.004675031165064951,-0.003318449918829975,0.009123229309951053,0.002289456872441456,-0.06216934998536924,-0.0115277578670743,-0.049616174495195876,-0.01500777532492871,0.023913710571993402,0.0244753331904083,0.02153299302797552,0.019005709908570232,-0.0089588313195957,0.061661269791003274,-0.00030247260209024466,0.04880137868223697,-0.01391296944777075,0.010491446676904225,-0.007608211054392957,0.006696443493891738
Marvin Lewis,Hue Jackson,Defensive,Offensive,OC,DC,-0.0101564722811818,-0.003318449918829975,-0.0027833132972804567,0.002289456872441456,-0.0036269681534817615,-0.0115277578670743,0.0011402000803498727,-0.01500777532492871,0.0001235431658516612,0.0244753331904083,-0.004848334980715186,0.019005709908570232,-0.009282049473154284,0.061661269791003274,-0.01034514834188676,0.04880137868223697,-0.0054437360860172855,0.010491446676904225,-0.0037251245184531704,0.006696443493891738
John Fox,Jack Del Rio,Defensive,Defensive,DC,DC,-0.0143647259757515,0.008862954606015834,-0.005851459615646106,0.015519987251977856,-0.0479558349105589,-0.0351858040768698,-0.04181144351076462,-0.0257991901866435,0.0028573808779407423,0.0083386647493215,-0.002888811418676029,0.004926874512434888,-0.015243787744851323,-0.003584725824822522,-0.013642381620794808,-0.004034297904694983,-0.020770252538388358,-0.008299157678277989,-0.018024346063301642,-0.004776332375401422
Ron Rivera,Jack Del Rio,Defensive,Defensive,DC,DC,-0.005530329565464223,0.008862954606015834,-0.008841865605489684,0.015519987251977856,-0.001970255871359369,-0.0351858040768698,-0.007953279897435763,-0.0257991901866435,0.021285423451170793,0.0083386647493215,0.019569876903017085,0.004926874512434888,0.028562775062389502,-0.003584725824822522,0.013243451656115113,-0.004034297904694983,0.009352224120927077,-0.008299157678277989,0.0032314566047941667,-0.004776332375401422
Wade Phillips,Jason Garrett,Defensive,Offensive,OC,DC,-0.0005500346301351242,-0.025618664836699154,0.003749737978170205,-0.018735766999666774,0.015089744280033,0.0011231606644874223,0.030856920534438968,-0.00394461855307302,-0.011487932635782025,6.38183885412773e-05,-0.011576431422102096,-0.007316998882211085,-0.016023487749217125,-0.011100377051772713,-0.010344803018087056,-0.01946933574684352,-0.00031280669059063166,-0.008234141954565823,0.006955623176950345,-0.011856022489121721
Joe Judge,Jason Garrett,Offensive,Offensive,OC,Other,0.02066820920181155,-0.025618664836699154,-0.005997953914324274,-0.018735766999666774,0.00330036998423165,0.0011231606644874223,-0.006603918403499092,-0.00394461855307302,-0.0229375446194828,6.38183885412773e-05,-0.011778582414241802,-0.007316998882211085,0.0588967618388245,-0.011100377051772713,0.031188958849877886,-0.01946933574684352,0.00757201706106455,-0.008234141954565823,-0.004246955645591313,-0.011856022489121721
Marvin Lewis,Jay Gruden,Defensive,Offensive,OC,DC,-0.0101564722811818,-0.012207128000908401,-0.0027833132972804567,-0.008936543883269789,-0.0036269681534817615,0.0061667841176733665,0.0011402000803498727,-0.001996029419122886,0.0001235431658516612,-0.025606634659829052,-0.004848334980715186,-0.02814138344405302,-0.009282049473154284,0.04132034212673758,-0.01034514834188676,0.02669764727825034,-0.0054437360860172855,-0.0013342074278962495,-0.0037251245184531704,-0.0070282231385940365
Doug Marrone,Jay Gruden,Offensive,Offensive,OC,OC,-0.007467069464344983,-0.012207128000908401,-0.008290701684352668,-0.008936543883269789,-0.0055656593000584,0.0061667841176733665,-0.01274671589502808,-0.001996029419122886,-0.02955360368080907,-0.025606634659829052,-0.03162760435082044,-0.02814138344405302,0.058574878647549795,0.04132034212673758,0.04537714902411657,0.02669764727825034,-0.00025653606808900077,-0.0013342074278962495,-0.006065324190351464,-0.0070282231385940365
John Harbaugh,Jim Caldwell,Both,Offensive,OC,Other,0.012328061380964477,-0.01971594893455204,0.008580102668327845,-0.011307618611814238,-0.019551078417772007,0.04132936955691171,-0.02137792171179738,0.042369182874417946,0.004161842112310023,-0.0017449452625793143,0.0031922362468704358,-0.007858833778008537,0.01984251195354056,0.005569884556727657,0.007171268816914289,0.0055417246055152304,0.0020985574183320236,0.008755465923303228,-0.0020088933474442265,0.009299700320046901
Jeff Fisher,Jim Schwartz,Defensive,Defensive,DC,DC,0.0028839214388505898,-0.02850580156613718,0.011427953179339395,-0.01826200714269079,-0.05403988993815358,0.013785114115571259,-0.047558854285464226,0.019479757964187317,0.00907852561225356,-0.0009422663479064598,0.004388640171620858,-0.012138325911799102,0.011779368628448061,-0.00415531617513952,0.013944442880339752,0.0017903354789199064,-0.01147821148311706,-0.0033440890364717798,-0.008246281002199301,-0.0005087517884839382
Doug Marrone,Jim Schwartz,Offensive,Defensive,DC,OC,-0.007467069464344983,-0.02850580156613718,-0.008290701684352668,-0.01826200714269079,-0.0055656593000584,0.013785114115571259,-0.01274671589502808,0.019479757964187317,-0.02955360368080907,-0.0009422663479064598,-0.03162760435082044,-0.012138325911799102,0.058574878647549795,-0.00415531617513952,0.04537714902411657,0.0017903354789199064,-0.00025653606808900077,-0.0033440890364717798,-0.006065324190351464,-0.0005087517884839382
Doug Pederson,Jim Schwartz,Offensive,Defensive,DC,OC,0.04419725115649605,-0.02850580156613718,0.030960753656090915,-0.01826200714269079,0.019010994046876752,0.013785114115571259,0.012159896873107777,0.019479757964187317,8.465481656084962e-05,-0.0009422663479064598,0.004588505686397716,-0.012138325911799102,0.12280413085817152,-0.00415531617513952,0.09493099596283675,0.0017903354789199064,0.043750553306057385,-0.0033440890364717798,0.03416706363340134,-0.0005087517884839382
Kevin Stefanski,Jim Schwartz,Offensive,Defensive,DC,OC,0.054966866379338716,-0.02850580156613718,0.02673469211049547,-0.01826200714269079,-0.016857011612038262,0.013785114115571259,-0.02340453129462716,0.019479757964187317,-0.0006285430721207207,-0.0009422663479064598,0.00978658553247534,-0.012138325911799102,0.0814920188570415,-0.00415531617513952,0.04865300557450668,0.0017903354789199064,0.02257635475003508,-0.0033440890364717798,0.010377102870661873,-0.0005087517884839382
Bill Belichick,Joe Judge,Defensive,Offensive,STC,DC,-0.002054349980882972,0.02066820920181155,-0.003178705506850001,-0.005997953914324274,0.029019765983609766,0.00330036998423165,0.02998852401512965,-0.006603918403499092,-0.02016097535345067,-0.0229375446194828,-0.021410706865015314,-0.011778582414241802,0.002891651909645134,0.0588967618388245,-0.006524576496302251,0.031188958849877886,0.003690208243715334,0.00757201706106455,0.0015867241567663738,-0.004246955645591313
Mike McCarthy,Joe Philbin,Offensive,Offensive,OC,OC,0.003433053780342445,-0.00702203211171515,0.0009158424162591795,0.0056299355314616654,0.04434998876746694,0.020553401808161273,0.045974188135626204,0.015722476799380748,-0.0007701150395954163,0.0166306109272608,-0.0014678246441725666,0.005989895753297958,0.004692790443727473,0.007343341796004225,-0.005196951317727878,0.009333388337761454,0.014775099691015746,0.010254674907238824,0.012627638078875049,0.009208349648673043
Art Shell,John Fox,Offensive,Defensive,DC,Other,0.0080405910123837,-0.0143647259757515,0.013653069632086876,-0.005851459615646106,-0.0501025849958016,-0.0479558349105589,-0.017954333107074498,-0.04181144351076462,0.0365880340134294,0.0028573808779407423,0.03674896707654429,-0.002888811418676029,-0.0551309513183468,-0.015243787744851323,-0.048186597268352976,-0.013642381620794808,-0.0138348139204874,-0.020770252538388358,-0.0012012692460047492,-0.018024346063301642
Andy Reid,John Harbaugh,Offensive,Both,STC,Other,-0.012699473927272284,0.012328061380964477,-0.015668064546114406,0.008580102668327845,0.06423508779689172,-0.019551078417772007,0.06512294808822659,-0.02137792171179738,-0.02392779472649705,0.004161842112310023,-0.024693309173652644,0.0031922362468704358,-0.004577348375452105,0.01984251195354056,-0.015622432675125645,0.007171268816914289,0.009200901935775016,0.0020985574183320236,0.006470064037710671,-0.0020088933474442265
Nick Sirianni,Jonathan Gannon,Offensive,Defensive,DC,OC,0.06222936707319522,0.053311887265966404,0.03105534431798334,0.018338071750621007,-0.019806810413657623,-0.03240843861004345,-0.02584871696289453,-0.0383512525451629,0.003897276961733,-0.0295945151629994,0.014505142389239048,-0.020407706509153765,0.033034902448558626,0.13774836067713045,-0.0016196438852081928,0.09788963290257344,0.016300118015478277,0.019219628183828302,0.003394628099690356,0.004141763082710851
Bill Belichick,Josh McDaniels,Defensive,Offensive,OC,DC,-0.002054349980882972,-0.006638543088155525,-0.003178705506850001,-0.017330374721050167,0.029019765983609766,0.0038950410047993997,0.02998852401512965,0.007081448098514166,-0.02016097535345067,0.02627758160939395,-0.021410706865015314,0.030539054312457757,0.002891651909645134,0.007247425743179525,-0.006524576496302251,-0.005528137410076888,0.003690208243715334,0.007921194267499852,0.0015867241567663738,0.005239796592835495
Steve Spagnuolo,Josh McDaniels,Defensive,Offensive,OC,DC,-0.0028535482259411334,-0.006638543088155525,0.004424205380153584,-0.017330374721050167,-0.025591792451642933,0.0038950410047993997,-0.014881851920277354,0.007081448098514166,-0.012878717896042202,0.02627758160939395,-0.021296996850107584,0.030539054312457757,-0.0369771766279521,0.007247425743179525,-0.02942362974040706,-0.005528137410076888,-0.018229552195655502,0.007921194267499852,-0.013518486637657064,0.005239796592835495
Mike Vrabel,Josh McDaniels,Defensive,Offensive,OC,DC,0.01510345829436145,-0.006638543088155525,-0.0052961410037504235,-0.017330374721050167,-0.05912300438762524,0.0038950410047993997,-0.06850551309265417,0.007081448098514166,0.011491134439826,0.02627758160939395,0.0192343244983656,0.030539054312457757,0.013957447861263414,0.007247425743179525,-0.01749404960469177,-0.005528137410076888,-0.008727482217383483,0.007921194267499852,-0.020529747428403796,0.005239796592835495
Bill Cowher,Ken Whisenhunt,Defensive,Offensive,OC,DC,0.0105757387661502,-0.0141021201777989,0.01618821738585338,-0.005544433003724833,-0.0433606425739981,0.02490134899886314,-0.011212390685270995,0.03189731573564409,0.0525114381256286,0.0044898872787891755,0.05267237118874349,-0.0015192337325697805,-0.0064716615147406,0.009045853178544387,0.0004726925352532222,0.013191796747840639,-0.0002460388620972,0.007705094048011775,0.01238750581238545,0.011250074344191112
Mike McCoy,Ken Whisenhunt,Offensive,Offensive,OC,OC,-0.027904410067279825,-0.0141021201777989,-0.016523068768563888,-0.005544433003724833,0.003823215176540775,0.02490134899886314,-0.004164098905068421,0.03189731573564409,-0.006495337812836274,0.0044898872787891755,-0.014324743035665015,-0.0015192337325697805,-0.0267901959320046,0.009045853178544387,-0.029845363006618546,0.013191796747840639,-0.011741120984483676,0.007705094048011775,-0.014585919221410438,0.011250074344191112
Anthony Lynn,Ken Whisenhunt,Offensive,Offensive,OC,OC,0.016953838655742525,-0.0141021201777989,0.009432760488104324,-0.005544433003724833,0.01578511345624935,0.02490134899886314,0.008085899604165989,0.03189731573564409,0.003872854288370125,0.0044898872787891755,0.006476859281996845,-0.0015192337325697805,0.04487002219707885,0.009045853178544387,0.020310751670761067,0.013191796747840639,0.019922851890350275,0.007705094048011775,0.011396115616228226,0.011250074344191112
Jay Gruden,Kevin O'Connell,Offensive,Offensive,OC,OC,-0.012207128000908401,0.03007390275150147,-0.008936543883269789,0.0007977210475199349,0.0061667841176733665,0.053936722666699834,-0.001996029419122886,0.049627048787538826,-0.025606634659829052,0.018400663971552933,-0.02814138344405302,0.028319903509052374,0.04132034212673758,-0.009285128049085366,0.02669764727825034,-0.04554494819401233,-0.0013342074278962495,0.025352574963758565,-0.0070282231385940365,0.012899803635907134
Sean McVay,Kevin O'Connell,Offensive,Offensive,OC,OC,0.009544972016397625,0.03007390275150147,-0.009802578445027417,0.0007977210475199349,0.019323990911334476,0.053936722666699834,0.012453430710674344,0.049627048787538826,0.00015183024598345077,0.018400663971552933,0.006757765456549835,0.028319903509052374,0.007905098848190175,-0.009285128049085366,-0.021701809581852124,-0.04554494819401233,0.0099083290798549,0.025352574963758565,-0.000807784015100083,0.012899803635907134
Mike Zimmer,Kevin Stefanski,Both,Offensive,OC,DC,0.004736738256906249,0.054966866379338716,0.0005231355661012521,0.02673469211049547,-0.006405125300339725,-0.016857011612038262,-0.0150033075498696,-0.02340453129462716,-0.03597630375298534,-0.0006285430721207207,-0.035087624789843064,0.00978658553247534,0.018072288412623264,0.0814920188570415,0.00017831652902117667,0.04865300557450668,-0.0054365170828743,0.02257635475003508,-0.012661772042561607,0.010377102870661873
Dan Quinn,Kliff Kingsbury,Defensive,Offensive,OC,DC,0.0120649323096991,0.03629704928911338,0.005512605293014874,0.015720384909606623,0.024876149579553915,0.0156650007574193,0.01758687435022807,0.007360447348866841,0.015164580601118343,-0.0143500104745695,0.016580125713971817,-0.006421004449139149,0.0271815206398098,0.04602330790123552,0.002913957046217945,0.016943592688445273,0.0191406387566182,0.0188176216500687,0.010745844341582492,0.007799586590238411
Gary Kubiak,Kyle Shanahan,Offensive,Offensive,OC,OC,-0.00377416726730665,0.004906552226819988,0.004777531805167479,-0.014440998234605054,-0.009028888164535762,-0.027038780468169474,-0.0011364828641225219,-0.033909340668829606,-0.01094513328340524,-0.015116459556183626,-0.016932085454438514,-0.008510524345617242,0.0014228126173957902,-0.0041057243611168255,0.0025031387320630697,-0.033712632791159124,-0.0064490204736406005,-0.01221597925212985,-0.003184918044919628,-0.022932092347084834
Mike Shanahan,Kyle Shanahan,Offensive,Offensive,OC,OC,-0.0006705653097574289,0.004906552226819988,0.008767442127816702,-0.014440998234605054,-0.021233428462726186,-0.027038780468169474,-0.00962164680786441,-0.033909340668829606,0.015547056700164028,-0.015116459556183626,0.00792296086318192,-0.008510524345617242,-0.022528845419282156,-0.0041057243611168255,-0.016828154361292966,-0.033712632791159124,-0.007419453361314443,-0.01221597925212985,-0.002161540953587647,-0.022932092347084834
Mike Pettine,Kyle Shanahan,Defensive,Offensive,OC,DC,0.02630075083395965,0.004906552226819988,0.036911830470839374,-0.014440998234605054,-0.018673548013980204,-0.027038780468169474,-0.026507096856033023,-0.033909340668829606,0.022964651311864752,-0.015116459556183626,0.0170459514425726,-0.008510524345617242,0.0038661292425916003,-0.0041057243611168255,0.004312413522275055,-0.033712632791159124,0.0068760332284072976,-0.01221597925212985,0.004761637928303785,-0.022932092347084834
Dan Quinn,Kyle Shanahan,Defensive,Offensive,OC,DC,0.0120649323096991,0.004906552226819988,0.005512605293014874,-0.014440998234605054,0.024876149579553915,-0.027038780468169474,0.01758687435022807,-0.033909340668829606,0.015164580601118343,-0.015116459556183626,0.016580125713971817,-0.008510524345617242,0.0271815206398098,-0.0041057243611168255,0.002913957046217945,-0.033712632791159124,0.0191406387566182,-0.01221597925212985,0.010745844341582492,-0.022932092347084834
Marvin Lewis,Leslie Frazier,Defensive,Defensive,DC,DC,-0.0101564722811818,-0.010224300791072899,-0.0027833132972804567,0.0038832244847470192,-0.0036269681534817615,-0.034027721795490136,0.0011402000803498727,-0.032905432374578956,0.0001235431658516612,0.009275837437427365,-0.004848334980715186,-0.007797116806381784,-0.009282049473154284,-0.023087175777793695,-0.01034514834188676,-0.018948662166031624,-0.0054437360860172855,-0.01600270064639137,-0.0037251245184531704,-0.01548031082866349
Brad Childress,Leslie Frazier,Offensive,Defensive,DC,OC,-0.0064237001592170415,-0.010224300791072899,-0.0018613863486321418,0.0038832244847470192,-0.0488106360481701,-0.034027721795490136,-0.0297672446668999,-0.032905432374578956,-0.034956319989862164,0.009275837437427365,-0.03499493240629524,-0.007797116806381784,-0.006978517216247142,-0.023087175777793695,-0.0010466986213443212,-0.018948662166031624,-0.026828399128780663,-0.01600270064639137,-0.01848694629985135,-0.01548031082866349
Lovie Smith,Leslie Frazier,Defensive,Defensive,DC,DC,-0.01574245974537283,-0.010224300791072899,-0.01012315355226864,0.0038832244847470192,-0.00999913561852927,-0.034027721795490136,-0.001291876416956209,-0.032905432374578956,0.02395181076031126,0.009275837437427365,0.02029901738801629,-0.007797116806381784,0.004891971691359299,-0.023087175777793695,0.005996961463228997,-0.018948662166031624,-0.00019072938916007038,-0.01600270064639137,0.0031883509370997237,-0.01548031082866349
Sean McDermott,Leslie Frazier,Defensive,Defensive,DC,DC,0.03513086686763343,-0.010224300791072899,0.01578331640620838,0.0038832244847470192,0.029334186768666125,-0.034027721795490136,0.022463626568005997,-0.032905432374578956,0.026346392490129898,0.009275837437427365,0.03295232770069629,-0.007797116806381784,0.023014090139262613,-0.023087175777793695,-0.006592818290779689,-0.018948662166031624,0.0277742358190501,-0.01600270064639137,0.017058122724095116,-0.01548031082866349
David Culley,Lovie Smith,Offensive,Defensive,DC,Other,-0.026862356307512,-0.01574245974537283,-0.06372990221641495,-0.01012315355226864,-0.020199580836358,-0.00999913561852927,-0.0314381853958226,-0.001291876416956209,-0.0402809328683574,0.02395181076031126,-0.02760718977083152,0.02029901738801629,-0.0593521059324097,0.004891971691359299,-0.08919083083269609,0.005996961463228997,-0.0336364504093743,-0.00019072938916007038,-0.04790009608897168,0.0031883509370997237
John Harbaugh,Marc Trestman,Both,Offensive,OC,Other,0.012328061380964477,-0.013311831353208799,0.008580102668327845,-0.0007405716779554528,-0.019551078417772007,0.025903693145757002,-0.02137792171179738,0.019758951065014674,0.004161842112310023,-0.00300554074140935,0.0031922362468704358,-0.014435552738696894,0.01984251195354056,0.02596393227670955,0.007171268816914289,0.03548928445904542,0.0020985574183320236,0.00938902590047815,-0.0020088933474442265,0.009016134081934855
Brian Billick,Marvin Lewis,Offensive,Defensive,DC,OC,-0.009627408411801,-0.0101564722811818,-0.005971370233389804,-0.0027833132972804567,-0.02328422643134445,-0.0036269681534817615,0.0006786143355524722,0.0011402000803498727,0.007797497440213201,0.0001235431658516612,0.008766760048471524,-0.004848334980715186,0.02933464993914625,-0.009282049473154284,0.03211191575357091,-0.01034514834188676,-0.0010858203957474,-0.0054437360860172855,0.007884551081739445,-0.0037251245184531704
Frank Reich,Matt Eberflus,Offensive,Defensive,DC,OC,0.024453591220694598,0.04343093678993246,0.004053991922582728,0.014154755085950932,0.00025610862958,-0.0516599197942218,-0.00912640007544893,-0.0559695936733828,-0.024547949506242433,-0.0122046981820821,-0.016804759447702832,-0.002285458644582661,0.0030961746605573,0.06501469609895717,-0.028355322805397886,0.0287548759540302,0.0019115386538483671,0.003192170368348199,-0.009890726557171945,-0.009260600959503233
Sean McVay,Matt LaFleur,Offensive,Offensive,OC,OC,0.009544972016397625,0.07172011642873748,-0.009802578445027417,0.04634440167061784,0.019323990911334476,0.022316077847457167,0.012453430710674344,0.01479877093004904,0.00015183024598345077,-0.0102824402057065,0.006757765456549835,-0.001934166637471055,0.007905098848190175,0.040208835819115864,-0.021701809581852124,0.007536116419070027,0.0099083290798549,0.02858413626221445,-0.000807784015100083,0.01621282452195511
Mike Vrabel,Matt LaFleur,Defensive,Offensive,OC,DC,0.01510345829436145,0.07172011642873748,-0.0052961410037504235,0.04634440167061784,-0.05912300438762524,0.022316077847457167,-0.06850551309265417,0.01479877093004904,0.011491134439826,-0.0102824402057065,0.0192343244983656,-0.001934166637471055,0.013957447861263414,0.040208835819115864,-0.01749404960469177,0.007536116419070027,-0.008727482217383483,0.02858413626221445,-0.020529747428403796,0.01621282452195511
Andy Reid,Matt Nagy,Offensive,Offensive,OC,Other,-0.012699473927272284,0.03173183951616725,-0.015668064546114406,0.014048371274337133,0.06423508779689172,0.0215988718296426,0.06512294808822659,0.010615289423471123,-0.02392779472649705,-0.0029790841400168496,-0.024693309173652644,0.0031838694727197997,-0.004577348375452105,0.030490337425501324,-0.015622432675125645,0.00041683373857768265,0.009200901935775016,0.0202035308405239,0.006470064037710671,0.008333909895346686
Bill Belichick,Matt Patricia,Defensive,Both,DC,DC,-0.002054349980882972,-0.02241477814400777,-0.003178705506850001,-0.03370355383014694,0.029019765983609766,-0.008678275420183,0.02998852401512965,-0.019576850441923435,-0.02016097535345067,-0.0018020752039896663,-0.021410706865015314,0.002190615247150572,0.002891651909645134,0.04585533632163833,-0.006524576496302251,0.015703573039168944,0.003690208243715334,0.0026608399260504337,0.0015867241567663738,-0.008410772774320058
John Harbaugh,Mike Macdonald,Both,Defensive,DC,Other,0.012328061380964477,0.0312742170261842,0.008580102668327845,-0.004890605264409632,-0.019551078417772007,0.0418876747862263,-0.02137792171179738,0.04131937575423097,0.004161842112310023,-0.0450835998877932,0.0031922362468704358,-0.037133207175585894,0.01984251195354056,0.0049878143635883,0.007171268816914289,-0.03537667602315603,0.0020985574183320236,0.0100749549821675,-0.0020088933474442265,-0.003948251515973786
Mike Nolan,Mike McCarthy,Defensive,Offensive,OC,DC,-0.0111623000849298,0.003433053780342445,-0.0065239091638790376,0.0009158424162591795,-0.026498033761632466,0.04434998876746694,-0.003127831786297721,0.045974188135626204,-0.014734399368647767,-0.0007701150395954163,-0.013211608366690981,-0.0014678246441725666,-0.005759422089070866,0.004692790443727473,-0.0016439635759031384,-0.005196951317727878,-0.014062391863300966,0.014775099691015746,-0.004363142744003976,0.012627638078875049
Josh McDaniels,Mike McCoy,Offensive,Offensive,OC,OC,-0.006638543088155525,-0.027904410067279825,-0.017330374721050167,-0.016523068768563888,0.0038950410047993997,0.003823215176540775,0.007081448098514166,-0.004164098905068421,0.02627758160939395,-0.006495337812836274,0.030539054312457757,-0.014324743035665015,0.007247425743179525,-0.0267901959320046,-0.005528137410076888,-0.029845363006618546,0.007921194267499852,-0.011741120984483676,0.005239796592835495,-0.014585919221410438
John Fox,Mike McCoy,Defensive,Offensive,OC,DC,-0.0143647259757515,-0.027904410067279825,-0.005851459615646106,-0.016523068768563888,-0.0479558349105589,0.003823215176540775,-0.04181144351076462,-0.004164098905068421,0.0028573808779407423,-0.006495337812836274,-0.002888811418676029,-0.014324743035665015,-0.015243787744851323,-0.0267901959320046,-0.013642381620794808,-0.029845363006618546,-0.020770252538388358,-0.011741120984483676,-0.018024346063301642,-0.014585919221410438
Vance Joseph,Mike McCoy,Defensive,Offensive,OC,DC,0.0056252994123167,-0.027904410067279825,0.0043622418409754345,-0.016523068768563888,-0.01985129305235165,0.003823215176540775,-0.024781613102767806,-0.004164098905068421,-0.02448813416084165,-0.006495337812836274,-0.023109214023282452,-0.014324743035665015,0.0296091198193123,-0.0267901959320046,0.009199644299280621,-0.029845363006618546,-0.00538713361817805,-0.011741120984483676,-0.01113765077721996,-0.014585919221410438
Steve Wilks,Mike McCoy,Defensive,Offensive,OC,DC,-0.0010747798655614,-0.027904410067279825,-0.007382909396108659,-0.016523068768563888,-0.0334035286021636,0.003823215176540775,-0.04516303835988377,-0.004164098905068421,0.0291791276232262,-0.006495337812836274,0.03349901927725844,-0.014324743035665015,-0.0064650323990665,-0.0267901959320046,-0.039502191181266896,-0.029845363006618546,-0.0047980673742177,-0.011741120984483676,-0.015406994696924798,-0.014585919221410438
Kyle Shanahan,Mike McDaniel,Offensive,Offensive,OC,OC,0.004906552226819988,0.04538246187749673,-0.014440998234605054,0.0161062801735152,-0.027038780468169474,0.012775218389461168,-0.033909340668829606,0.008465544510300163,-0.015116459556183626,0.0185836994922368,-0.008510524345617242,0.028502939029736236,-0.0041057243611168255,0.024787790341932136,-0.033712632791159124,-0.011472029802994827,-0.01221597925212985,0.023540947687854034,-0.022932092347084834,0.011088176360002602
Bill Cowher,Mike Mularkey,Defensive,Offensive,OC,DC,0.0105757387661502,-0.0087140984001209,0.01618821738585338,0.0022546600412860517,-0.0433606425739981,-0.017741334742130965,-0.011212390685270995,-0.02028845965562033,0.0525114381256286,0.025054288921197366,0.05267237118874349,0.018023237441173776,-0.0064716615147406,0.06348738751141916,0.0004726925352532222,0.05697471716554236,-0.0002460388620972,0.009328583341120467,0.01238750581238545,0.007960739446338972
Nick Saban,Mike Mularkey,Defensive,Offensive,OC,DC,-0.0251786098727721,-0.0087140984001209,-0.01956613125306892,0.0022546600412860517,-0.0016464430528976,-0.017741334742130965,0.0305018088358295,-0.02028845965562033,-0.009141665661539,0.025054288921197366,-0.00898073259842411,0.018023237441173776,0.0492219725047806,0.06348738751141916,0.05616632655477442,0.05697471716554236,0.0023706730823524,0.009328583341120467,0.01500421775683505,0.007960739446338972
Mike Smith,Mike Mularkey,Defensive,Offensive,OC,DC,-0.009661828654867857,-0.0087140984001209,0.00043563702116365205,0.0022546600412860517,0.015160914220163527,-0.017741334742130965,0.021384902473278077,-0.02028845965562033,0.015727189706561957,0.025054288921197366,0.007031020492238501,0.018023237441173776,-0.007318958983291114,0.06348738751141916,0.00021182769968307747,0.05697471716554236,0.004891295535877817,0.009328583341120467,0.00868210282902983,0.007960739446338972
Norv Turner,Mike Nolan,Offensive,Defensive,DC,OC,-0.0013815234132732999,-0.0111623000849298,0.006491699606532214,-0.0065239091638790376,-0.018704131859177252,-0.026498033761632466,-0.006764993262785043,-0.003127831786297721,0.028858410160243434,-0.014734399368647767,0.022819148768195546,-0.013211608366690981,-0.010469135060807516,-0.005759422089070866,-0.005089971728306999,-0.0016439635759031384,-0.001564733866628766,-0.014062391863300966,0.0038667049616448526,-0.004363142744003976
Brian Billick,Mike Nolan,Offensive,Defensive,DC,OC,-0.009627408411801,-0.0111623000849298,-0.005971370233389804,-0.0065239091638790376,-0.02328422643134445,-0.026498033761632466,0.0006786143355524722,-0.003127831786297721,0.007797497440213201,-0.014734399368647767,0.008766760048471524,-0.013211608366690981,0.02933464993914625,-0.005759422089070866,0.03211191575357091,-0.0016439635759031384,-0.0010858203957474,-0.014062391863300966,0.007884551081739445,-0.004363142744003976
Josh McDaniels,Mike Nolan,Offensive,Defensive,DC,OC,-0.006638543088155525,-0.0111623000849298,-0.017330374721050167,-0.0065239091638790376,0.0038950410047993997,-0.026498033761632466,0.007081448098514166,-0.003127831786297721,0.02627758160939395,-0.014734399368647767,0.030539054312457757,-0.013211608366690981,0.007247425743179525,-0.005759422089070866,-0.005528137410076888,-0.0016439635759031384,0.007921194267499852,-0.014062391863300966,0.005239796592835495,-0.004363142744003976
Tony Sparano,Mike Nolan,Offensive,Defensive,DC,OC,-0.011824025363163699,-0.0111623000849298,-0.004714936057010188,-0.0065239091638790376,-0.03718476715727595,-0.026498033761632466,-0.023606080660699164,-0.003127831786297721,0.0202938151705927,-0.014734399368647767,0.01463756790238209,-0.013211608366690981,-0.010594438277083574,-0.005759422089070866,-0.003231317133761326,-0.0016439635759031384,-0.011898223814755625,-0.014062391863300966,-0.005575673545527477,-0.004363142744003976
Mike Smith,Mike Nolan,Defensive,Defensive,DC,DC,-0.009661828654867857,-0.0111623000849298,0.00043563702116365205,-0.0065239091638790376,0.015160914220163527,-0.026498033761632466,0.021384902473278077,-0.003127831786297721,0.015727189706561957,-0.014734399368647767,0.007031020492238501,-0.013211608366690981,-0.007318958983291114,-0.005759422089070866,0.00021182769968307747,-0.0016439635759031384,0.004891295535877817,-0.014062391863300966,0.00868210282902983,-0.004363142744003976
Mike McCarthy,Mike Nolan,Offensive,Defensive,DC,OC,0.003433053780342445,-0.0111623000849298,0.0009158424162591795,-0.0065239091638790376,0.04434998876746694,-0.026498033761632466,0.045974188135626204,-0.003127831786297721,-0.0007701150395954163,-0.014734399368647767,-0.0014678246441725666,-0.013211608366690981,0.004692790443727473,-0.005759422089070866,-0.005196951317727878,-0.0016439635759031384,0.014775099691015746,-0.014062391863300966,0.012627638078875049,-0.004363142744003976
Rex Ryan,Mike Pettine,Defensive,Defensive,DC,DC,-0.019011379339764413,0.02630075083395965,-0.008453628193483448,0.036911830470839374,-0.06908582489115876,-0.018673548013980204,-0.06887042223932885,-0.026507096856033023,0.027051630655287713,0.022964651311864752,0.018056552006992993,0.0170459514425726,-0.00255870983897815,0.0038661292425916003,-0.0007271735630984049,0.004312413522275055,-0.019436669098525525,0.0068760332284072976,-0.018843514431209733,0.004761637928303785
Doug Marrone,Mike Pettine,Offensive,Defensive,DC,OC,-0.007467069464344983,0.02630075083395965,-0.008290701684352668,0.036911830470839374,-0.0055656593000584,-0.018673548013980204,-0.01274671589502808,-0.026507096856033023,-0.02955360368080907,0.022964651311864752,-0.03162760435082044,0.0170459514425726,0.058574878647549795,0.0038661292425916003,0.04537714902411657,0.004312413522275055,-0.00025653606808900077,0.0068760332284072976,-0.006065324190351464,0.004761637928303785
Mike McCarthy,Mike Pettine,Offensive,Defensive,DC,OC,0.003433053780342445,0.02630075083395965,0.0009158424162591795,0.036911830470839374,0.04434998876746694,-0.018673548013980204,0.045974188135626204,-0.026507096856033023,-0.0007701150395954163,0.022964651311864752,-0.0014678246441725666,0.0170459514425726,0.004692790443727473,0.0038661292425916003,-0.005196951317727878,0.004312413522275055,0.014775099691015746,0.0068760332284072976,0.012627638078875049,0.004761637928303785
Matt LaFleur,Mike Pettine,Offensive,Defensive,DC,OC,0.07172011642873748,0.02630075083395965,0.04634440167061784,0.036911830470839374,0.022316077847457167,-0.018673548013980204,0.01479877093004904,-0.026507096856033023,-0.0102824402057065,0.022964651311864752,-0.001934166637471055,0.0170459514425726,0.040208835819115864,0.0038661292425916003,0.007536116419070027,0.004312413522275055,0.02858413626221445,0.0068760332284072976,0.01621282452195511,0.004761637928303785
Jack Del Rio,Mike Smith,Defensive,Defensive,DC,DC,0.008862954606015834,-0.009661828654867857,0.015519987251977856,0.00043563702116365205,-0.0351858040768698,0.015160914220163527,-0.0257991901866435,0.021384902473278077,0.0083386647493215,0.015727189706561957,0.004926874512434888,0.007031020492238501,-0.003584725824822522,-0.007318958983291114,-0.004034297904694983,0.00021182769968307747,-0.008299157678277989,0.004891295535877817,-0.004776332375401422,0.00868210282902983
Dirk Koetter,Mike Smith,Offensive,Defensive,DC,OC,-0.017765135130901732,-0.009661828654867857,-0.014600214252043808,0.00043563702116365205,0.021020999711048566,0.015160914220163527,0.014039819562659357,0.021384902473278077,0.1140465092489182,0.015727189706561957,0.11358481213118758,0.007031020492238501,0.0139392163829193,-0.007318958983291114,-0.004989946171310512,0.00021182769968307747,0.0345493475805164,0.004891295535877817,0.02898145004075318,0.00868210282902983
Brad Childress,Mike Tomlin,Offensive,Defensive,DC,OC,-0.0064237001592170415,-0.0029910092097404674,-0.0018613863486321418,-0.006436325897390662,-0.0488106360481701,0.013989231183528496,-0.0297672446668999,0.013140403052786019,-0.034956319989862164,0.005984371602455766,-0.03499493240629524,0.00516738784917403,-0.006978517216247142,0.02667349321754687,-0.0010466986213443212,0.01462899567622514,-0.026828399128780663,0.011442073178764771,-0.01848694629985135,0.007857658471114482
Bill O'Brien,Mike Vrabel,Offensive,Defensive,DC,OC,-0.008931547314268215,0.01510345829436145,-0.008480300973916362,-0.0052961410037504235,-0.008429299426889898,-0.05912300438762524,-0.016650278489286244,-0.06850551309265417,0.03164960389820446,0.011491134439826,0.030854702270720506,0.0192343244983656,-0.028799272901465073,0.013957447861263414,-0.0449868514969694,-0.01749404960469177,-0.0017969900309622712,-0.008727482217383483,-0.008016760602090996,-0.020529747428403796
Bill Parcells,Mike Zimmer,Defensive,Both,DC,DC,0.0377327995869357,0.004736738256906249,0.043345278206638874,0.0005231355661012521,-0.0163170781034415,-0.006405125300339725,0.0158311737852856,-0.0150033075498696,0.0337212241270897,-0.03597630375298534,0.03388215719020459,-0.035087624789843064,0.0178908633542623,0.018072288412623264,0.02483521740425612,0.00017831652902117667,0.0150462123411432,-0.0054365170828743,0.02767975701562585,-0.012661772042561607
Bobby Petrino,Mike Zimmer,Offensive,Both,DC,OC,-0.0174182074797251,0.004736738256906249,-0.015718609742605888,0.0005231355661012521,-0.008260254100135,-0.006405125300339725,0.007517175544931741,-0.0150033075498696,-0.0816288545715022,-0.03597630375298534,-0.07985126241810044,-0.035087624789843064,0.0527392880194383,0.018072288412623264,0.05134946559829381,0.00017831652902117667,-0.0148775621559496,-0.0054365170828743,-0.009570363875458562,-0.012661772042561607
Marvin Lewis,Mike Zimmer,Defensive,Both,DC,DC,-0.0101564722811818,0.004736738256906249,-0.0027833132972804567,0.0005231355661012521,-0.0036269681534817615,-0.006405125300339725,0.0011402000803498727,-0.0150033075498696,0.0001235431658516612,-0.03597630375298534,-0.004848334980715186,-0.035087624789843064,-0.009282049473154284,0.018072288412623264,-0.01034514834188676,0.00017831652902117667,-0.0054437360860172855,-0.0054365170828743,-0.0037251245184531704,-0.012661772042561607
Mike McCarthy,Mike Zimmer,Offensive,Both,DC,OC,0.003433053780342445,0.004736738256906249,0.0009158424162591795,0.0005231355661012521,0.04434998876746694,-0.006405125300339725,0.045974188135626204,-0.0150033075498696,-0.0007701150395954163,-0.03597630375298534,-0.0014678246441725666,-0.035087624789843064,0.004692790443727473,0.018072288412623264,-0.005196951317727878,0.00017831652902117667,0.014775099691015746,-0.0054365170828743,0.012627638078875049,-0.012661772042561607
Doug Marrone,Nathaniel Hackett,Offensive,Offensive,OC,OC,-0.007467069464344983,-0.0086732458322424,-0.008290701684352668,-0.026554159913496213,-0.0055656593000584,0.0173773684707803,-0.01274671589502808,0.016333974703536196,-0.02955360368080907,0.009033384516786,-0.03162760435082044,0.02041748582159305,0.058574878647549795,0.0109427621910898,0.04537714902411657,-0.018119242694577056,-0.00025653606808900077,0.007682964971201,-0.006065324190351464,0.0004803811898816037
Matt LaFleur,Nathaniel Hackett,Offensive,Offensive,OC,OC,0.07172011642873748,-0.0086732458322424,0.04634440167061784,-0.026554159913496213,0.022316077847457167,0.0173773684707803,0.01479877093004904,0.016333974703536196,-0.0102824402057065,0.009033384516786,-0.001934166637471055,0.02041748582159305,0.040208835819115864,0.0109427621910898,0.007536116419070027,-0.018119242694577056,0.02858413626221445,0.007682964971201,0.01621282452195511,0.0004803811898816037
Robert Saleh,Nathaniel Hackett,Defensive,Offensive,OC,DC,0.029928304884991624,-0.0086732458322424,-0.0012457178702202608,-0.026554159913496213,0.013455865015061826,0.0173773684707803,0.007413958465824924,0.016333974703536196,-0.0171377876309211,0.009033384516786,-0.006529922203415053,0.02041748582159305,0.07645056376740969,0.0109427621910898,0.041796017433642876,-0.018119242694577056,0.019532583626757825,0.007682964971201,0.006627093710969903,0.0004803811898816037
Bill Belichick,Nick Saban,Defensive,Defensive,DC,DC,-0.002054349980882972,-0.0251786098727721,-0.003178705506850001,-0.01956613125306892,0.029019765983609766,-0.0016464430528976,0.02998852401512965,0.0305018088358295,-0.02016097535345067,-0.009141665661539,-0.021410706865015314,-0.00898073259842411,0.002891651909645134,0.0492219725047806,-0.006524576496302251,0.05616632655477442,0.003690208243715334,0.0023706730823524,0.0015867241567663738,0.01500421775683505
Frank Reich,Nick Sirianni,Offensive,Offensive,OC,OC,0.024453591220694598,0.06222936707319522,0.004053991922582728,0.03105534431798334,0.00025610862958,-0.019806810413657623,-0.00912640007544893,-0.02584871696289453,-0.024547949506242433,0.003897276961733,-0.016804759447702832,0.014505142389239048,0.0030961746605573,0.033034902448558626,-0.028355322805397886,-0.0016196438852081928,0.0019115386538483671,0.016300118015478277,-0.009890726557171945,0.003394628099690356
Mike Nolan,Norv Turner,Defensive,Offensive,OC,DC,-0.0111623000849298,-0.0013815234132732999,-0.0065239091638790376,0.006491699606532214,-0.026498033761632466,-0.018704131859177252,-0.003127831786297721,-0.006764993262785043,-0.014734399368647767,0.028858410160243434,-0.013211608366690981,0.022819148768195546,-0.005759422089070866,-0.010469135060807516,-0.0016439635759031384,-0.005089971728306999,-0.014062391863300966,-0.001564733866628766,-0.004363142744003976,0.0038667049616448526
Rob Chudzinski,Norv Turner,Offensive,Offensive,OC,OC,0.0341482498796863,-0.0013815234132732999,0.04643057802153429,0.006491699606532214,0.0493607216926593,-0.018704131859177252,0.04416146339466348,-0.006764993262785043,-0.0034670909893637,0.028858410160243434,-0.018804380513784098,0.022819148768195546,0.0183993513497365,-0.010469135060807516,0.021254651114539905,-0.005089971728306999,0.0261586025934086,-0.001564733866628766,0.024210858547114418,0.0038667049616448526
Mike Zimmer,Norv Turner,Both,Offensive,OC,DC,0.004736738256906249,-0.0013815234132732999,0.0005231355661012521,0.006491699606532214,-0.006405125300339725,-0.018704131859177252,-0.0150033075498696,-0.006764993262785043,-0.03597630375298534,0.028858410160243434,-0.035087624789843064,0.022819148768195546,0.018072288412623264,-0.010469135060807516,0.00017831652902117667,-0.005089971728306999,-0.0054365170828743,-0.001564733866628766,-0.012661772042561607,0.0038667049616448526
Ron Rivera,Norv Turner,Defensive,Offensive,OC,DC,-0.005530329565464223,-0.0013815234132732999,-0.008841865605489684,0.006491699606532214,-0.001970255871359369,-0.018704131859177252,-0.007953279897435763,-0.006764993262785043,0.021285423451170793,0.028858410160243434,0.019569876903017085,0.022819148768195546,0.028562775062389502,-0.010469135060807516,0.013243451656115113,-0.005089971728306999,0.009352224120927077,-0.001564733866628766,0.0032314566047941667,0.0038667049616448526
Steve Spagnuolo,Pat Shurmur,Defensive,Offensive,OC,DC,-0.0028535482259411334,-0.0037892391823481,0.004424205380153584,-0.0006295639447073623,-0.025591792451642933,0.006433839005697224,-0.014881851920277354,0.002543932433573462,-0.012878717896042202,-0.023599913859031475,-0.021296996850107584,-0.03198683465066709,-0.0369771766279521,0.019159892489144525,-0.02942362974040706,0.005330350564314896,-0.018229552195655502,0.0002555384648159492,-0.013518486637657064,-0.004825867752163881
Chip Kelly,Pat Shurmur,Both,Offensive,OC,OC,-0.016442733831329475,-0.0037892391823481,-0.005061392532613539,-0.0006295639447073623,-0.018863087604027377,0.006433839005697224,-0.02685040168563657,0.002543932433573462,0.004276104847323275,-0.023599913859031475,-0.0035533003755054645,-0.03198683465066709,0.009461529417529374,0.019159892489144525,0.006406362342915431,0.005330350564314896,-0.006676487035754175,0.0002555384648159492,-0.009521285272680938,-0.004825867752163881
Mike Zimmer,Pat Shurmur,Both,Offensive,OC,DC,0.004736738256906249,-0.0037892391823481,0.0005231355661012521,-0.0006295639447073623,-0.006405125300339725,0.006433839005697224,-0.0150033075498696,0.002543932433573462,-0.03597630375298534,-0.023599913859031475,-0.035087624789843064,-0.03198683465066709,0.018072288412623264,0.019159892489144525,0.00017831652902117667,0.005330350564314896,-0.0054365170828743,0.0002555384648159492,-0.012661772042561607,-0.004825867752163881
Vic Fangio,Pat Shurmur,Defensive,Offensive,OC,DC,0.005054220158708499,-0.0037892391823481,-0.016421027653549237,-0.0006295639447073623,-0.0239405732337567,0.006433839005697224,-0.034665513189411946,0.002543932433573462,-0.005746469699352867,-0.023599913859031475,0.001030837899618586,-0.03198683465066709,0.0356349520558177,0.019159892489144525,0.006549333400652976,0.005330350564314896,-0.0013600303544276332,0.0002555384648159492,-0.013649882507094887,-0.004825867752163881
Dan Quinn,Raheem Morris,Defensive,Both,DC,DC,0.0120649323096991,-0.016224395054335802,0.005512605293014874,-0.01980728542241322,0.024876149579553915,-0.017014166790568178,0.01758687435022807,-0.009123786150042822,0.015164580601118343,0.003074092837379701,0.016580125713971817,-0.0012520182001175082,0.0271815206398098,0.0455542851059017,0.002913957046217945,0.0411283226748744,0.0191406387566182,0.00045733280762047523,0.010745844341582492,0.00048483035158398014
Sean McVay,Raheem Morris,Offensive,Both,DC,OC,0.009544972016397625,-0.016224395054335802,-0.009802578445027417,-0.01980728542241322,0.019323990911334476,-0.017014166790568178,0.012453430710674344,-0.009123786150042822,0.00015183024598345077,0.003074092837379701,0.006757765456549835,-0.0012520182001175082,0.007905098848190175,0.0455542851059017,-0.021701809581852124,0.0411283226748744,0.0099083290798549,0.00045733280762047523,-0.000807784015100083,0.00048483035158398014
Brian Billick,Rex Ryan,Offensive,Defensive,DC,OC,-0.009627408411801,-0.019011379339764413,-0.005971370233389804,-0.008453628193483448,-0.02328422643134445,-0.06908582489115876,0.0006786143355524722,-0.06887042223932885,0.007797497440213201,0.027051630655287713,0.008766760048471524,0.018056552006992993,0.02933464993914625,-0.00255870983897815,0.03211191575357091,-0.0007271735630984049,-0.0010858203957474,-0.019436669098525525,0.007884551081739445,-0.018843514431209733
John Harbaugh,Rex Ryan,Both,Defensive,DC,Other,0.012328061380964477,-0.019011379339764413,0.008580102668327845,-0.008453628193483448,-0.019551078417772007,-0.06908582489115876,-0.02137792171179738,-0.06887042223932885,0.004161842112310023,0.027051630655287713,0.0031922362468704358,0.018056552006992993,0.01984251195354056,-0.00255870983897815,0.007171268816914289,-0.0007271735630984049,0.0020985574183320236,-0.019436669098525525,-0.0020088933474442265,-0.018843514431209733
Romeo Crennel,Rob Chudzinski,Defensive,Offensive,OC,DC,-0.012374166116053376,0.0341482498796863,-0.004619527135990349,0.04643057802153429,-0.05889936466189062,0.0493607216926593,-0.04098604919364472,0.04416146339466348,-0.02484785442116395,-0.0034670909893637,-0.027552804027908023,-0.018804380513784098,-0.005972567660002499,0.0183993513497365,-0.001832894314412051,0.021254651114539905,-0.031303392671684596,0.0261586025934086,-0.023531147429152334,0.024210858547114418
Ron Rivera,Rob Chudzinski,Defensive,Offensive,OC,DC,-0.005530329565464223,0.0341482498796863,-0.008841865605489684,0.04643057802153429,-0.001970255871359369,0.0493607216926593,-0.007953279897435763,0.04416146339466348,0.021285423451170793,-0.0034670909893637,0.019569876903017085,-0.018804380513784098,0.028562775062389502,0.0183993513497365,0.013243451656115113,0.021254651114539905,0.009352224120927077,0.0261586025934086,0.0032314566047941667,0.024210858547114418
Chuck Pagano,Rob Chudzinski,Defensive,Offensive,OC,DC,-0.0162588447843655,0.0341482498796863,-0.00519038432772745,0.04643057802153429,0.04664583264083682,0.0493607216926593,0.04189454418707522,0.04416146339466348,0.022009780178582464,-0.0034670909893637,0.013965139561403224,-0.018804380513784098,0.00779294999069875,0.0183993513497365,0.005161259538455395,0.021254651114539905,0.017879410638668634,0.0261586025934086,0.01616606625019435,0.024210858547114418
Kyle Shanahan,Robert Saleh,Offensive,Defensive,DC,OC,0.004906552226819988,0.029928304884991624,-0.014440998234605054,-0.0012457178702202608,-0.027038780468169474,0.013455865015061826,-0.033909340668829606,0.007413958465824924,-0.015116459556183626,-0.0171377876309211,-0.008510524345617242,-0.006529922203415053,-0.0041057243611168255,0.07645056376740969,-0.033712632791159124,0.041796017433642876,-0.01221597925212985,0.019532583626757825,-0.022932092347084834,0.006627093710969903
Lovie Smith,Rod Marinelli,Defensive,Defensive,DC,DC,-0.01574245974537283,-0.015376431988541566,-0.01012315355226864,-0.010738041067490803,-0.00999913561852927,0.0310052288126927,-0.001291876416956209,0.05437543078802745,0.02395181076031126,0.0127382597838758,0.02029901738801629,0.014261050785832586,0.004891971691359299,-0.035188245124311665,0.005996961463228997,-0.031072786611143936,-0.00019072938916007038,0.003522377036607434,0.0031883509370997237,0.013221626155904423
Jason Garrett,Rod Marinelli,Offensive,Defensive,DC,OC,-0.025618664836699154,-0.015376431988541566,-0.018735766999666774,-0.010738041067490803,0.0011231606644874223,0.0310052288126927,-0.00394461855307302,0.05437543078802745,6.38183885412773e-05,0.0127382597838758,-0.007316998882211085,0.014261050785832586,-0.011100377051772713,-0.035188245124311665,-0.01946933574684352,-0.031072786611143936,-0.008234141954565823,0.003522377036607434,-0.011856022489121721,0.013221626155904423
Bill Belichick,Romeo Crennel,Defensive,Defensive,DC,DC,-0.002054349980882972,-0.012374166116053376,-0.003178705506850001,-0.004619527135990349,0.029019765983609766,-0.05889936466189062,0.02998852401512965,-0.04098604919364472,-0.02016097535345067,-0.02484785442116395,-0.021410706865015314,-0.027552804027908023,0.002891651909645134,-0.005972567660002499,-0.006524576496302251,-0.001832894314412051,0.003690208243715334,-0.031303392671684596,0.0015867241567663738,-0.023531147429152334
Todd Haley,Romeo Crennel,Offensive,Defensive,DC,OC,0.015175856979396033,-0.012374166116053376,0.022453610585490752,-0.004619527135990349,-0.0655732959793277,-0.05889936466189062,-0.054863355447962114,-0.04098604919364472,-0.0017878912953562664,-0.02484785442116395,-0.01020617024942165,-0.027552804027908023,-0.0028652404490182646,-0.005972567660002499,0.0046883064385267815,-0.001832894314412051,-0.01714536150193301,-0.031303392671684596,-0.012434295943934573,-0.023531147429152334
Bill O'Brien,Romeo Crennel,Offensive,Defensive,DC,OC,-0.008931547314268215,-0.012374166116053376,-0.008480300973916362,-0.004619527135990349,-0.008429299426889898,-0.05889936466189062,-0.016650278489286244,-0.04098604919364472,0.03164960389820446,-0.02484785442116395,0.030854702270720506,-0.027552804027908023,-0.028799272901465073,-0.005972567660002499,-0.0449868514969694,-0.001832894314412051,-0.0017969900309622712,-0.031303392671684596,-0.008016760602090996,-0.023531147429152334
Lovie Smith,Ron Rivera,Defensive,Defensive,DC,DC,-0.01574245974537283,-0.005530329565464223,-0.01012315355226864,-0.008841865605489684,-0.00999913561852927,-0.001970255871359369,-0.001291876416956209,-0.007953279897435763,0.02395181076031126,0.021285423451170793,0.02029901738801629,0.019569876903017085,0.004891971691359299,0.028562775062389502,0.005996961463228997,0.013243451656115113,-0.00019072938916007038,0.009352224120927077,0.0031883509370997237,0.0032314566047941667
Norv Turner,Ron Rivera,Offensive,Defensive,DC,OC,-0.0013815234132732999,-0.005530329565464223,0.006491699606532214,-0.008841865605489684,-0.018704131859177252,-0.001970255871359369,-0.006764993262785043,-0.007953279897435763,0.028858410160243434,0.021285423451170793,0.022819148768195546,0.019569876903017085,-0.010469135060807516,0.028562775062389502,-0.005089971728306999,0.013243451656115113,-0.001564733866628766,0.009352224120927077,0.0038667049616448526,0.0032314566047941667
Nick Saban,Scott Linehan,Defensive,Offensive,OC,DC,-0.0251786098727721,-0.006198732202758,-0.01956613125306892,-0.0015603412817072372,-0.0016464430528976,-0.0146525152635019,0.0305018088358295,0.008717686711832847,-0.009141665661539,0.041041758976527704,-0.00898073259842411,0.04256454997848449,0.0492219725047806,-0.014951303589097,0.05616632655477442,-0.010835845075929268,0.0023706730823524,0.0004115920866910999,0.01500421775683505,0.01011084120598809
Jim Schwartz,Scott Linehan,Defensive,Offensive,OC,DC,-0.02850580156613718,-0.006198732202758,-0.01826200714269079,-0.0015603412817072372,0.013785114115571259,-0.0146525152635019,0.019479757964187317,0.008717686711832847,-0.0009422663479064598,0.041041758976527704,-0.012138325911799102,0.04256454997848449,-0.00415531617513952,-0.014951303589097,0.0017903354789199064,-0.010835845075929268,-0.0033440890364717798,0.0004115920866910999,-0.0005087517884839382,0.01011084120598809
Jason Garrett,Scott Linehan,Offensive,Offensive,OC,OC,-0.025618664836699154,-0.006198732202758,-0.018735766999666774,-0.0015603412817072372,0.0011231606644874223,-0.0146525152635019,-0.00394461855307302,0.008717686711832847,6.38183885412773e-05,0.041041758976527704,-0.007316998882211085,0.04256454997848449,-0.011100377051772713,-0.014951303589097,-0.01946933574684352,-0.010835845075929268,-0.008234141954565823,0.0004115920866910999,-0.011856022489121721,0.01011084120598809
Andy Reid,Sean McDermott,Offensive,Defensive,DC,Other,-0.012699473927272284,0.03513086686763343,-0.015668064546114406,0.01578331640620838,0.06423508779689172,0.029334186768666125,0.06512294808822659,0.022463626568005997,-0.02392779472649705,0.026346392490129898,-0.024693309173652644,0.03295232770069629,-0.004577348375452105,0.023014090139262613,-0.015622432675125645,-0.006592818290779689,0.009200901935775016,0.0277742358190501,0.006470064037710671,0.017058122724095116
Ron Rivera,Sean McDermott,Defensive,Defensive,DC,DC,-0.005530329565464223,0.03513086686763343,-0.008841865605489684,0.01578331640620838,-0.001970255871359369,0.029334186768666125,-0.007953279897435763,0.022463626568005997,0.021285423451170793,0.026346392490129898,0.019569876903017085,0.03295232770069629,0.028562775062389502,0.023014090139262613,0.013243451656115113,-0.006592818290779689,0.009352224120927077,0.0277742358190501,0.0032314566047941667,0.017058122724095116
Jay Gruden,Sean McVay,Offensive,Offensive,OC,OC,-0.012207128000908401,0.009544972016397625,-0.008936543883269789,-0.009802578445027417,0.0061667841176733665,0.019323990911334476,-0.001996029419122886,0.012453430710674344,-0.025606634659829052,0.00015183024598345077,-0.02814138344405302,0.006757765456549835,0.04132034212673758,0.007905098848190175,0.02669764727825034,-0.021701809581852124,-0.0013342074278962495,0.0099083290798549,-0.0070282231385940365,-0.000807784015100083
Anthony Lynn,Shane Steichen,Offensive,Offensive,OC,OC,0.016953838655742525,0.06563413003207345,0.009432760488104324,0.03066031451672806,0.01578511345624935,-0.0361377045746267,0.008085899604165989,-0.042080518509746145,0.003872854288370125,0.01804382787443535,0.006476859281996845,0.027230636528280984,0.04487002219707885,0.0252055603248264,0.020310751670761067,-0.014653167449730616,0.019922851890350275,0.01281208058655415,0.011396115616228226,-0.002265784514563299
Nick Sirianni,Shane Steichen,Offensive,Offensive,OC,OC,0.06222936707319522,0.06563413003207345,0.03105534431798334,0.03066031451672806,-0.019806810413657623,-0.0361377045746267,-0.02584871696289453,-0.042080518509746145,0.003897276961733,0.01804382787443535,0.014505142389239048,0.027230636528280984,0.033034902448558626,0.0252055603248264,-0.0016196438852081928,-0.014653167449730616,0.016300118015478277,0.01281208058655415,0.003394628099690356,-0.002265784514563299
Tom Coughlin,Steve Spagnuolo,Offensive,Defensive,DC,Other,-0.007107167235871339,-0.0028535482259411334,0.0015284631795430298,0.004424205380153584,-0.010005711885487132,-0.025591792451642933,-0.0017140391369892412,-0.014881851920277354,0.03144956751780144,-0.012878717896042202,0.025124635062583722,-0.021296996850107584,-0.02236678962837124,-0.0369771766279521,-0.018070069391454516,-0.02942362974040706,-0.00143190633462438,-0.018229552195655502,0.002472657965137936,-0.013518486637657064
Ben McAdoo,Steve Spagnuolo,Offensive,Defensive,DC,OC,0.01072576941411265,-0.0028535482259411334,0.01862721549767317,0.004424205380153584,0.017829864228230248,-0.025591792451642933,0.01323784888450652,-0.014881851920277354,-0.02222082432865695,-0.012878717896042202,-0.025073315832269003,-0.021296996850107584,0.028219902973332198,-0.0369771766279521,0.01634473853308768,-0.02942362974040706,0.0070512455123402495,-0.018229552195655502,0.004003862864048967,-0.013518486637657064
Andy Reid,Steve Spagnuolo,Offensive,Defensive,DC,Other,-0.012699473927272284,-0.0028535482259411334,-0.015668064546114406,0.004424205380153584,0.06423508779689172,-0.025591792451642933,0.06512294808822659,-0.014881851920277354,-0.02392779472649705,-0.012878717896042202,-0.024693309173652644,-0.021296996850107584,-0.004577348375452105,-0.0369771766279521,-0.015622432675125645,-0.02942362974040706,0.009200901935775016,-0.018229552195655502,0.006470064037710671,-0.013518486637657064
Ron Rivera,Steve Wilks,Defensive,Defensive,DC,DC,-0.005530329565464223,-0.0010747798655614,-0.008841865605489684,-0.007382909396108659,-0.001970255871359369,-0.0334035286021636,-0.007953279897435763,-0.04516303835988377,0.021285423451170793,0.0291791276232262,0.019569876903017085,0.03349901927725844,0.028562775062389502,-0.0064650323990665,0.013243451656115113,-0.039502191181266896,0.009352224120927077,-0.0047980673742177,0.0032314566047941667,-0.015406994696924798
Freddie Kitchens,Steve Wilks,Offensive,Defensive,DC,OC,0.0657073721269596,-0.0010747798655614,0.05461395492245803,-0.007382909396108659,0.0150087794174842,-0.0334035286021636,0.002642536325979954,-0.04516303835988377,0.0291961009683057,0.0291791276232262,0.02721009935473806,0.03349901927725844,0.0005159867229705,-0.0064650323990665,-0.03132526326463044,-0.039502191181266896,0.0267818375329607,-0.0047980673742177,0.013550226488270667,-0.015406994696924798
Kyle Shanahan,Steve Wilks,Offensive,Defensive,DC,OC,0.004906552226819988,-0.0010747798655614,-0.014440998234605054,-0.007382909396108659,-0.027038780468169474,-0.0334035286021636,-0.033909340668829606,-0.04516303835988377,-0.015116459556183626,0.0291791276232262,-0.008510524345617242,0.03349901927725844,-0.0041057243611168255,-0.0064650323990665,-0.033712632791159124,-0.039502191181266896,-0.01221597925212985,-0.0047980673742177,-0.022932092347084834,-0.015406994696924798
Bruce Arians,Todd Bowles,Offensive,Defensive,DC,OC,-0.009113288082998437,-0.0052922540459214,-0.011003083564754029,-0.01528822753310284,0.04120702566371814,-0.0010208309030506012,0.03342887484665381,-0.007085035746374523,0.07076001026674897,0.004686579139317714,0.06919154158258466,0.00812343085230012,0.015761356052251863,0.015007677850931227,0.002353941487025251,-0.010830862740207595,0.031613461686049615,0.002154307772319343,0.02547085463591392,-0.0063446576008604535
Ken Whisenhunt,Todd Haley,Offensive,Offensive,OC,OC,-0.0141021201777989,0.015175856979396033,-0.005544433003724833,0.022453610585490752,0.02490134899886314,-0.0655732959793277,0.03189731573564409,-0.054863355447962114,0.0044898872787891755,-0.0017878912953562664,-0.0015192337325697805,-0.01020617024942165,0.009045853178544387,-0.0028652404490182646,0.013191796747840639,0.0046883064385267815,0.007705094048011775,-0.01714536150193301,0.011250074344191112,-0.012434295943934573
Mike Tomlin,Todd Haley,Defensive,Offensive,OC,DC,-0.0029910092097404674,0.015175856979396033,-0.006436325897390662,0.022453610585490752,0.013989231183528496,-0.0655732959793277,0.013140403052786019,-0.054863355447962114,0.005984371602455766,-0.0017878912953562664,0.00516738784917403,-0.01020617024942165,0.02667349321754687,-0.0028652404490182646,0.01462899567622514,0.0046883064385267815,0.011442073178764771,-0.01714536150193301,0.007857658471114482,-0.012434295943934573
Hue Jackson,Todd Haley,Offensive,Offensive,OC,OC,-0.003318449918829975,0.015175856979396033,0.002289456872441456,0.022453610585490752,-0.0115277578670743,-0.0655732959793277,-0.01500777532492871,-0.054863355447962114,0.0244753331904083,-0.0017878912953562664,0.019005709908570232,-0.01020617024942165,0.061661269791003274,-0.0028652404490182646,0.04880137868223697,0.0046883064385267815,0.010491446676904225,-0.01714536150193301,0.006696443493891738,-0.012434295943934573
Dennis Green,Tony Dungy,Offensive,Defensive,DC,Other,-0.0575796427351558,-0.026457223066066463,-0.05196716411545262,-0.021818832145015704,-0.0283343494907241,0.029007571678941368,0.003813902398003003,0.052377773654276115,-0.0372816670312603,0.02628451587402503,-0.03712073396814541,0.02780730687598182,-0.0134526542439716,-0.0073601903189652,-0.006508300193977777,-0.0032447318057974694,-0.0333358719901573,0.008680981407664067,-0.02070232731567465,0.018380230526961056
Rex Ryan,Tony Sparano,Defensive,Offensive,OC,DC,-0.019011379339764413,-0.011824025363163699,-0.008453628193483448,-0.004714936057010188,-0.06908582489115876,-0.03718476715727595,-0.06887042223932885,-0.023606080660699164,0.027051630655287713,0.0202938151705927,0.018056552006992993,0.01463756790238209,-0.00255870983897815,-0.010594438277083574,-0.0007271735630984049,-0.003231317133761326,-0.019436669098525525,-0.011898223814755625,-0.018843514431209733,-0.005575673545527477
Adam Gase,Vance Joseph,Offensive,Defensive,DC,OC,-0.0020873345561616204,0.0056252994123167,-0.0057000215344209185,0.0043622418409754345,-0.02329375658161082,-0.01985129305235165,-0.03166970773214457,-0.024781613102767806,-0.00896060029258214,-0.02448813416084165,-0.007705982623342817,-0.023109214023282452,0.0008146863906088195,0.0296091198193123,-0.022026437354970625,0.009199644299280621,-0.009009985297903339,-0.00538713361817805,-0.016871905977442148,-0.01113765077721996
Kliff Kingsbury,Vance Joseph,Offensive,Defensive,DC,OC,0.03629704928911338,0.0056252994123167,0.015720384909606623,0.0043622418409754345,0.0156650007574193,-0.01985129305235165,0.007360447348866841,-0.024781613102767806,-0.0143500104745695,-0.02448813416084165,-0.006421004449139149,-0.023109214023282452,0.04602330790123552,0.0296091198193123,0.016943592688445273,0.009199644299280621,0.0188176216500687,-0.00538713361817805,0.007799586590238411,-0.01113765077721996
Sean Payton,Vance Joseph,Offensive,Defensive,DC,OC,0.017119163509369047,0.0056252994123167,0.013847064048554555,0.0043622418409754345,0.028267935693049674,-0.01985129305235165,0.029230881772792455,-0.024781613102767806,-0.03409723220267146,-0.02448813416084165,-0.03471727363607832,-0.023109214023282452,-0.004784879832796995,0.0296091198193123,-0.015667639518149288,0.009199644299280621,0.002423274890535835,-0.00538713361817805,-0.0003222880444136503,-0.01113765077721996
Jim Harbaugh,Vic Fangio,Offensive,Defensive,DC,Other,-0.01039891775206258,0.005054220158708499,-0.0065953288029576545,-0.016421027653549237,-0.01152236988837198,-0.0239405732337567,-0.012380701214922102,-0.034665513189411946,0.02878964581013152,-0.005746469699352867,0.01863140491225655,0.001030837899618586,0.0033496349910788195,0.0356349520558177,0.0009989260007608688,0.006549333400652976,0.0015688296122953796,-0.0013600303544276332,-0.0006819857148546344,-0.013649882507094887
John Fox,Vic Fangio,Defensive,Defensive,DC,DC,-0.0143647259757515,0.005054220158708499,-0.005851459615646106,-0.016421027653549237,-0.0479558349105589,-0.0239405732337567,-0.04181144351076462,-0.034665513189411946,0.0028573808779407423,-0.005746469699352867,-0.002888811418676029,0.001030837899618586,-0.015243787744851323,0.0356349520558177,-0.013642381620794808,0.006549333400652976,-0.020770252538388358,-0.0013600303544276332,-0.018024346063301642,-0.013649882507094887
Matt Nagy,Vic Fangio,Offensive,Defensive,DC,OC,0.03173183951616725,0.005054220158708499,0.014048371274337133,-0.016421027653549237,0.0215988718296426,-0.0239405732337567,0.010615289423471123,-0.034665513189411946,-0.0029790841400168496,-0.005746469699352867,0.0031838694727197997,0.001030837899618586,0.030490337425501324,0.0356349520558177,0.00041683373857768265,0.006549333400652976,0.0202035308405239,-0.0013600303544276332,0.008333909895346686,-0.013649882507094887
Mike McDaniel,Vic Fangio,Offensive,Defensive,DC,OC,0.04538246187749673,0.005054220158708499,0.0161062801735152,-0.016421027653549237,0.012775218389461168,-0.0239405732337567,0.008465544510300163,-0.034665513189411946,0.0185836994922368,-0.005746469699352867,0.028502939029736236,0.001030837899618586,0.024787790341932136,0.0356349520558177,-0.011472029802994827,0.006549333400652976,0.023540947687854034,-0.0013600303544276332,0.011088176360002602,-0.013649882507094887
Nick Sirianni,Vic Fangio,Offensive,Defensive,DC,OC,0.06222936707319522,0.005054220158708499,0.03105534431798334,-0.016421027653549237,-0.019806810413657623,-0.0239405732337567,-0.02584871696289453,-0.034665513189411946,0.003897276961733,-0.005746469699352867,0.014505142389239048,0.001030837899618586,0.033034902448558626,0.0356349520558177,-0.0016196438852081928,0.006549333400652976,0.016300118015478277,-0.0013600303544276332,0.003394628099690356,-0.013649882507094887
Marty Schottenheimer,Wade Phillips,Defensive,Defensive,DC,DC,0.0132204645518286,-0.0005500346301351242,0.018832943171531776,0.003749737978170205,-0.0509894580791031,0.015089744280033,-0.018841206190376,0.030856920534438968,0.0450652231685723,-0.011487932635782025,0.045226156231687194,-0.011576431422102096,-0.0120786496694446,-0.016023487749217125,-0.0051342956194507785,-0.010344803018087056,-0.0051357239296298,-0.00031280669059063166,0.00749782074485285,0.006955623176950345
Gary Kubiak,Wade Phillips,Offensive,Defensive,DC,OC,-0.00377416726730665,-0.0005500346301351242,0.004777531805167479,0.003749737978170205,-0.009028888164535762,0.015089744280033,-0.0011364828641225219,0.030856920534438968,-0.01094513328340524,-0.011487932635782025,-0.016932085454438514,-0.011576431422102096,0.0014228126173957902,-0.016023487749217125,0.0025031387320630697,-0.010344803018087056,-0.0064490204736406005,-0.00031280669059063166,-0.003184918044919628,0.006955623176950345
Sean McVay,Wade Phillips,Offensive,Defensive,DC,OC,0.009544972016397625,-0.0005500346301351242,-0.009802578445027417,0.003749737978170205,0.019323990911334476,0.015089744280033,0.012453430710674344,0.030856920534438968,0.00015183024598345077,-0.011487932635782025,0.006757765456549835,-0.011576431422102096,0.007905098848190175,-0.016023487749217125,-0.021701809581852124,-0.010344803018087056,0.0099083290798549,-0.00031280669059063166,-0.000807784015100083,0.006955623176950345
