mentor_name,protege_name,mentor_background,protege_background,mentor_coordinator_type,shotgun_mentor,shotgun_protege,shotgun_zscore_mentor,shotgun_zscore_protege
Marc Trestman,Aaron Kromer,Offensive,,OC,0.0604702078633644,-0.0969865301860835,0.3911249405847173,-0.5712259586644107
Marc Trestman,Aaron Kromer,Offensive,,OC,0.0604702078633644,-0.0969865301860835,0.3911249405847173,-0.5712259586644107
John Fox,Adam Gase,Defensive,Offensive,DC,-0.07028997817568447,0.07126241392009812,-0.4124903611087965,0.4571814222183345
John Fox,Adam Gase,Defensive,Offensive,DC,-0.07028997817568447,0.07126241392009812,-0.4124903611087965,0.4571814222183345
John Fox,Adam Gase,Defensive,Offensive,DC,-0.07028997817568447,0.07126241392009812,-0.4124903611087965,0.4571814222183345
Rex Ryan,Anthony Lynn,Defensive,Offensive,DC,0.005226057868502436,0.04953949811328363,0.050988977589855794,0.32392032262612513
Dan Campbell,Anthony Lynn,Offensive,Offensive,Other,-0.017719962616743374,0.04953949811328363,-0.0895526938626251,0.32392032262612513
Mike Vrabel,Arthur Smith,Defensive,Offensive,DC,-0.08062391958522634,0.12625689256205977,-0.4764110570174223,0.7955925908890821
Mike Vrabel,Arthur Smith,Defensive,Offensive,DC,-0.08062391958522634,0.12625689256205977,-0.4764110570174223,0.7955925908890821
Mike Tomlin,Arthur Smith,Defensive,Offensive,DC,0.0958427093759398,0.12625689256205977,0.6086232209928655,0.7955925908890821
Mike Tomlin,Arthur Smith,Defensive,Offensive,DC,0.0958427093759398,0.12625689256205977,0.6086232209928655,0.7955925908890821
Tom Coughlin,Ben McAdoo,Offensive,Offensive,Other,-0.05925721043099946,0.09689017423200649,-0.34495047527034334,0.6146530494398115
Tom Coughlin,Ben McAdoo,Offensive,Offensive,Other,-0.05925721043099946,0.09689017423200649,-0.34495047527034334,0.6146530494398115
Matt Rhule,Ben McAdoo,Both,Offensive,Other,0.02898055714480807,0.09689017423200649,0.1954589504113383,0.6146530494398115
Bill Parcells,Bill Belichick,Defensive,Defensive,DC,-0.3059400675377679,-0.012005813379384929,-1.8617937885732088,-0.05449585972752656
Bill Parcells,Bill Belichick,Defensive,Defensive,DC,-0.3059400675377679,-0.012005813379384929,-1.8617937885732088,-0.05449585972752656
Bill Parcells,Bill Belichick,Defensive,Defensive,DC,-0.3059400675377679,-0.012005813379384929,-1.8617937885732088,-0.05449585972752656
Bill Parcells,Bill Belichick,Defensive,Defensive,DC,-0.3059400675377679,-0.012005813379384929,-1.8617937885732088,-0.05449585972752656
Bill Parcells,Bill Belichick,Defensive,Defensive,DC,-0.3059400675377679,-0.012005813379384929,-1.8617937885732088,-0.05449585972752656
Bill Parcells,Bill Belichick,Defensive,Defensive,DC,-0.3059400675377679,-0.012005813379384929,-1.8617937885732088,-0.05449585972752656
Bill Parcells,Bill Belichick,Defensive,Defensive,DC,-0.3059400675377679,-0.012005813379384929,-1.8617937885732088,-0.05449585972752656
Bill Parcells,Bill Belichick,Defensive,Defensive,DC,-0.3059400675377679,-0.012005813379384929,-1.8617937885732088,-0.05449585972752656
Bill Parcells,Bill Belichick,Defensive,Defensive,DC,-0.3059400675377679,-0.012005813379384929,-1.8617937885732088,-0.05449585972752656
Jon Gruden,Bill Callahan,Offensive,,OC,-0.09259658711347697,0.0479411035651545,-0.551136118079243,0.3126017530775657
Jon Gruden,Bill Callahan,Offensive,,OC,-0.09259658711347697,0.0479411035651545,-0.551136118079243,0.3126017530775657
Jon Gruden,Bill Callahan,Offensive,,OC,-0.09259658711347697,0.0479411035651545,-0.551136118079243,0.3126017530775657
Jon Gruden,Bill Callahan,Offensive,,OC,-0.09259658711347697,0.0479411035651545,-0.551136118079243,0.3126017530775657
Jason Garrett,Bill Callahan,Offensive,,OC,-0.0541769871026519,0.0479411035651545,-0.3128801261255479,0.3126017530775657
Jason Garrett,Bill Callahan,Offensive,,OC,-0.0541769871026519,0.0479411035651545,-0.3128801261255479,0.3126017530775657
Jason Garrett,Bill Callahan,Offensive,,OC,-0.0541769871026519,0.0479411035651545,-0.3128801261255479,0.3126017530775657
Marty Schottenheimer,Bill Cowher,Defensive,Defensive,DC,-0.2670704979175999,-0.0137855111560025,-1.6226093268285404,-0.0654040077741236
Marty Schottenheimer,Bill Cowher,Defensive,Defensive,DC,-0.2670704979175999,-0.0137855111560025,-1.6226093268285404,-0.0654040077741236
Marty Schottenheimer,Bill Cowher,Defensive,Defensive,DC,-0.2670704979175999,-0.0137855111560025,-1.6226093268285404,-0.0654040077741236
Bill Belichick,Bill O'Brien,Defensive,Offensive,DC,-0.012005813379384929,0.09240642612166387,-0.05449585972752656,0.5858332322631308
Bill Belichick,Bill O'Brien,Defensive,Offensive,DC,-0.012005813379384929,0.09240642612166387,-0.05449585972752656,0.5858332322631308
Tom Coughlin,Bobby Petrino,Offensive,Offensive,Other,-0.05925721043099946,0.0402053197353266,-0.34495047527034334,0.2663704142959111
Andy Reid,Brad Childress,Offensive,Offensive,Other,0.05785881941535442,-0.16993535430305232,0.3754348570852605,-1.0248171022474224
Andy Reid,Brad Childress,Offensive,Offensive,Other,0.05785881941535442,-0.16993535430305232,0.3754348570852605,-1.0248171022474224
Andy Reid,Brad Childress,Offensive,Offensive,Other,0.05785881941535442,-0.16993535430305232,0.3754348570852605,-1.0248171022474224
Andy Reid,Brad Childress,Offensive,Offensive,Other,0.05785881941535442,-0.16993535430305232,0.3754348570852605,-1.0248171022474224
Pat Shurmur,Brad Childress,Offensive,Offensive,OC,-0.07257874472673342,-0.16993535430305232,-0.42677784863422463,-1.0248171022474224
Andy Reid,Brad Childress,Offensive,Offensive,Other,0.05785881941535442,-0.16993535430305232,0.3754348570852605,-1.0248171022474224
Sean McVay,Brandon Staley,Offensive,Defensive,OC,-0.1076055500702136,0.042259863098750794,-0.6423816152033088,0.2789690200737793
Dennis Green,Brian Billick,Offensive,Offensive,Other,-0.2145057048114246,-0.099660999827604,-1.2986510429714515,-0.5939343939509094
Dennis Green,Brian Billick,Offensive,Offensive,Other,-0.2145057048114246,-0.099660999827604,-1.2986510429714515,-0.5939343939509094
Dennis Green,Brian Billick,Offensive,Offensive,Other,-0.2145057048114246,-0.099660999827604,-1.2986510429714515,-0.5939343939509094
Dennis Green,Brian Billick,Offensive,Offensive,Other,-0.2145057048114246,-0.099660999827604,-1.2986510429714515,-0.5939343939509094
Dennis Green,Brian Billick,Offensive,Offensive,Other,-0.2145057048114246,-0.099660999827604,-1.2986510429714515,-0.5939343939509094
Dennis Green,Brian Billick,Offensive,Offensive,Other,-0.2145057048114246,-0.099660999827604,-1.2986510429714515,-0.5939343939509094
Zac Taylor,Brian Callahan,Offensive,Offensive,Other,0.18932753311378547,0.1726124699283789,1.1835791573475944,1.0808281296687396
Zac Taylor,Brian Callahan,Offensive,Offensive,Other,0.18932753311378547,0.1726124699283789,1.1835791573475944,1.0808281296687396
Zac Taylor,Brian Callahan,Offensive,Offensive,Other,0.18932753311378547,0.1726124699283789,1.1835791573475944,1.0808281296687396
Zac Taylor,Brian Callahan,Offensive,Offensive,Other,0.18932753311378547,0.1726124699283789,1.1835791573475944,1.0808281296687396
Zac Taylor,Brian Callahan,Offensive,Offensive,Other,0.18932753311378547,0.1726124699283789,1.1835791573475944,1.0808281296687396
Eric Mangini,Brian Daboll,Defensive,Offensive,DC,-0.09124596338731308,0.1315266195756759,-0.5414601859354395,0.8283774664701583
Eric Mangini,Brian Daboll,Defensive,Offensive,DC,-0.09124596338731308,0.1315266195756759,-0.5414601859354395,0.8283774664701583
Tony Sparano,Brian Daboll,Offensive,Offensive,OC,-0.18208420746129395,0.1315266195756759,-1.0996539925248592,0.8283774664701583
Romeo Crennel,Brian Daboll,Defensive,Offensive,DC,-0.13687428903698248,0.1315266195756759,-0.8191666135352725,0.8283774664701583
Sean McDermott,Brian Daboll,Defensive,Offensive,DC,0.09507600021876046,0.1315266195756759,0.6043148902488498,0.8283774664701583
Sean McDermott,Brian Daboll,Defensive,Offensive,DC,0.09507600021876046,0.1315266195756759,0.6043148902488498,0.8283774664701583
Sean McDermott,Brian Daboll,Defensive,Offensive,DC,0.09507600021876046,0.1315266195756759,0.6043148902488498,0.8283774664701583
Sean McDermott,Brian Daboll,Defensive,Offensive,DC,0.09507600021876046,0.1315266195756759,0.6043148902488498,0.8283774664701583
Kevin O'Connell,Brian Flores,Offensive,Defensive,OC,-0.025476285190651468,0.1888227506465501,-0.13728666125860614,1.1801167049732824
Kevin O'Connell,Brian Flores,Offensive,Defensive,OC,-0.025476285190651468,0.1888227506465501,-0.13728666125860614,1.1801167049732824
Kevin O'Connell,Brian Flores,Offensive,Defensive,OC,-0.025476285190651468,0.1888227506465501,-0.13728666125860614,1.1801167049732824
Mike Tomlin,Bruce Arians,Defensive,Offensive,DC,0.0958427093759398,-0.049802822575126963,0.6086232209928655,-0.28678499986080175
Mike Tomlin,Bruce Arians,Defensive,Offensive,DC,0.0958427093759398,-0.049802822575126963,0.6086232209928655,-0.28678499986080175
Mike Tomlin,Bruce Arians,Defensive,Offensive,DC,0.0958427093759398,-0.049802822575126963,0.6086232209928655,-0.28678499986080175
Mike Tomlin,Bruce Arians,Defensive,Offensive,DC,0.0958427093759398,-0.049802822575126963,0.6086232209928655,-0.28678499986080175
Mike Tomlin,Bruce Arians,Defensive,Offensive,DC,0.0958427093759398,-0.049802822575126963,0.6086232209928655,-0.28678499986080175
Chuck Pagano,Bruce Arians,Defensive,Offensive,DC,-0.002538858835349616,-0.049802822575126963,0.0037671671962663474,-0.28678499986080175
Marty Schottenheimer,Cam Cameron,Defensive,Offensive,DC,-0.2670704979175999,-0.2264547424742533,-1.6226093268285404,-1.3723846727007816
Marty Schottenheimer,Cam Cameron,Defensive,Offensive,DC,-0.2670704979175999,-0.2264547424742533,-1.6226093268285404,-1.3723846727007816
Marty Schottenheimer,Cam Cameron,Defensive,Offensive,DC,-0.2670704979175999,-0.2264547424742533,-1.6226093268285404,-1.3723846727007816
Marty Schottenheimer,Cam Cameron,Defensive,Offensive,DC,-0.2670704979175999,-0.2264547424742533,-1.6226093268285404,-1.3723846727007816
Marty Schottenheimer,Cam Cameron,Defensive,Offensive,DC,-0.2670704979175999,-0.2264547424742533,-1.6226093268285404,-1.3723846727007816
John Harbaugh,Cam Cameron,Both,Offensive,Other,0.09620169797675013,-0.2264547424742533,0.6110349259033584,-1.3723846727007816
John Harbaugh,Cam Cameron,Both,Offensive,Other,0.09620169797675013,-0.2264547424742533,0.6110349259033584,-1.3723846727007816
John Harbaugh,Cam Cameron,Both,Offensive,Other,0.09620169797675013,-0.2264547424742533,0.6110349259033584,-1.3723846727007816
John Harbaugh,Cam Cameron,Both,Offensive,Other,0.09620169797675013,-0.2264547424742533,0.6110349259033584,-1.3723846727007816
John Harbaugh,Cam Cameron,Both,Offensive,Other,0.09620169797675013,-0.2264547424742533,0.6110349259033584,-1.3723846727007816
Bill Cowher,Chan Gailey,Defensive,Both,DC,-0.0137855111560025,0.016678779367462464,-0.0654040077741236,0.1219274226231593
Bill Cowher,Chan Gailey,Defensive,Both,DC,-0.0137855111560025,0.016678779367462464,-0.0654040077741236,0.1219274226231593
Herm Edwards,Chan Gailey,Both,Both,Other,-0.12851586225067127,0.016678779367462464,-0.7710687779029349,0.1219274226231593
Todd Bowles,Chan Gailey,Defensive,Both,DC,0.022248653193523798,0.016678779367462464,0.16543847955558327,0.1219274226231593
Todd Bowles,Chan Gailey,Defensive,Both,DC,0.022248653193523798,0.016678779367462464,0.16543847955558327,0.1219274226231593
Brian Flores,Chan Gailey,Defensive,Both,DC,0.1888227506465501,0.016678779367462464,1.1801167049732824,0.1219274226231593
Pete Carroll,Chip Kelly,Defensive,Both,DC,0.08051414379845935,0.2927042069316006,0.5144850071555214,1.8190343555491082
Pat Shurmur,Chris Tabor,Offensive,,OC,-0.07257874472673342,0.1887591990564847,-0.42677784863422463,1.1666821537814889
Pat Shurmur,Chris Tabor,Offensive,,OC,-0.07257874472673342,0.1887591990564847,-0.42677784863422463,1.1666821537814889
Rob Chudzinski,Chris Tabor,Offensive,,OC,0.0405985545819608,0.1887591990564847,0.2691220704428566,1.1666821537814889
Mike Pettine,Chris Tabor,Defensive,,DC,-0.027659895248557248,0.1887591990564847,-0.15040057212216817,1.1666821537814889
Mike Pettine,Chris Tabor,Defensive,,DC,-0.027659895248557248,0.1887591990564847,-0.15040057212216817,1.1666821537814889
Hue Jackson,Chris Tabor,Offensive,,OC,-0.0002924342791310493,0.1887591990564847,0.017207288425968748,1.1666821537814889
Hue Jackson,Chris Tabor,Offensive,,OC,-0.0002924342791310493,0.1887591990564847,0.017207288425968748,1.1666821537814889
Matt Nagy,Chris Tabor,Offensive,,OC,0.17887436049630492,0.1887591990564847,1.1189582811911423,1.1666821537814889
Matt Nagy,Chris Tabor,Offensive,,OC,0.17887436049630492,0.1887591990564847,1.1189582811911423,1.1666821537814889
Matt Nagy,Chris Tabor,Offensive,,OC,0.17887436049630492,0.1887591990564847,1.1189582811911423,1.1666821537814889
Matt Nagy,Chris Tabor,Offensive,,OC,0.17887436049630492,0.1887591990564847,1.1189582811911423,1.1666821537814889
Matt Rhule,Chris Tabor,Both,,Other,0.02898055714480807,0.1887591990564847,0.1954589504113383,1.1666821537814889
Frank Reich,Chris Tabor,Offensive,,OC,0.14434822626126861,0.1887591990564847,0.905333464919114,1.1666821537814889
Sean McDermott,Chris Tabor,Defensive,,DC,0.09507600021876046,0.1887591990564847,0.6043148902488498,1.1666821537814889
John Harbaugh,Chuck Pagano,Both,Defensive,Other,0.09620169797675013,-0.002538858835349616,0.6110349259033584,0.0037671671962663474
Matt Nagy,Chuck Pagano,Offensive,Defensive,OC,0.17887436049630492,-0.002538858835349616,1.1189582811911423,0.0037671671962663474
Matt Nagy,Chuck Pagano,Offensive,Defensive,OC,0.17887436049630492,-0.002538858835349616,1.1189582811911423,0.0037671671962663474
Pete Carroll,Dan Quinn,Defensive,Defensive,DC,0.08051414379845935,-0.0326486834402676,0.5144850071555214,-0.1798018143587334
Pete Carroll,Dan Quinn,Defensive,Defensive,DC,0.08051414379845935,-0.0326486834402676,0.5144850071555214,-0.1798018143587334
Mike McCarthy,Dan Quinn,Offensive,Defensive,OC,0.03967998330888984,-0.0326486834402676,0.26338973982804653,-0.1798018143587334
Mike McCarthy,Dan Quinn,Offensive,Defensive,OC,0.03967998330888984,-0.0326486834402676,0.26338973982804653,-0.1798018143587334
Mike McCarthy,Dan Quinn,Offensive,Defensive,OC,0.03967998330888984,-0.0326486834402676,0.26338973982804653,-0.1798018143587334
Brad Childress,Darrell Bevell,Offensive,,OC,-0.16993535430305232,0.06204862471354195,-1.0248171022474224,0.3933981149744541
Brad Childress,Darrell Bevell,Offensive,,OC,-0.16993535430305232,0.06204862471354195,-1.0248171022474224,0.3933981149744541
Brad Childress,Darrell Bevell,Offensive,,OC,-0.16993535430305232,0.06204862471354195,-1.0248171022474224,0.3933981149744541
Brad Childress,Darrell Bevell,Offensive,,OC,-0.16993535430305232,0.06204862471354195,-1.0248171022474224,0.3933981149744541
Brad Childress,Darrell Bevell,Offensive,,OC,-0.16993535430305232,0.06204862471354195,-1.0248171022474224,0.3933981149744541
Pete Carroll,Darrell Bevell,Defensive,,DC,0.08051414379845935,0.06204862471354195,0.5144850071555214,0.3933981149744541
Pete Carroll,Darrell Bevell,Defensive,,DC,0.08051414379845935,0.06204862471354195,0.5144850071555214,0.3933981149744541
Pete Carroll,Darrell Bevell,Defensive,,DC,0.08051414379845935,0.06204862471354195,0.5144850071555214,0.3933981149744541
Pete Carroll,Darrell Bevell,Defensive,,DC,0.08051414379845935,0.06204862471354195,0.5144850071555214,0.3933981149744541
Pete Carroll,Darrell Bevell,Defensive,,DC,0.08051414379845935,0.06204862471354195,0.5144850071555214,0.3933981149744541
Pete Carroll,Darrell Bevell,Defensive,,DC,0.08051414379845935,0.06204862471354195,0.5144850071555214,0.3933981149744541
Pete Carroll,Darrell Bevell,Defensive,,DC,0.08051414379845935,0.06204862471354195,0.5144850071555214,0.3933981149744541
Matt Patricia,Darrell Bevell,Both,,DC,0.06548918715955017,0.06204862471354195,0.42204169553584175,0.3933981149744541
Matt Patricia,Darrell Bevell,Both,,DC,0.06548918715955017,0.06204862471354195,0.42204169553584175,0.3933981149744541
Urban Meyer,Darrell Bevell,Offensive,,Other,0.0205985398020983,0.06204862471354195,0.1459261787343508,0.3933981149744541
Todd Bowles,Dave Canales,Defensive,Offensive,DC,0.022248653193523798,0.0463145618039236,0.16543847955558327,0.3040971966682524
Kyle Shanahan,DeMeco Ryans,Offensive,Defensive,OC,-0.01696193763989636,-0.0180338998204507,-0.08471817487020467,-0.09152149062575324
Kyle Shanahan,DeMeco Ryans,Offensive,Defensive,OC,-0.01696193763989636,-0.0180338998204507,-0.08471817487020467,-0.09152149062575324
John Fox,Dennis Allen,Defensive,Defensive,DC,-0.07028997817568447,0.036078360704255595,-0.4124903611087965,0.23909353142695003
Sean Payton,Dennis Allen,Offensive,Defensive,OC,-0.07395534024977947,0.036078360704255595,-0.43552890366754954,0.23909353142695003
Sean Payton,Dennis Allen,Offensive,Defensive,OC,-0.07395534024977947,0.036078360704255595,-0.43552890366754954,0.23909353142695003
Sean Payton,Dennis Allen,Offensive,Defensive,OC,-0.07395534024977947,0.036078360704255595,-0.43552890366754954,0.23909353142695003
Sean Payton,Dennis Allen,Offensive,Defensive,OC,-0.07395534024977947,0.036078360704255595,-0.43552890366754954,0.23909353142695003
Sean Payton,Dennis Allen,Offensive,Defensive,OC,-0.07395534024977947,0.036078360704255595,-0.43552890366754954,0.23909353142695003
Sean Payton,Dennis Allen,Offensive,Defensive,OC,-0.07395534024977947,0.036078360704255595,-0.43552890366754954,0.23909353142695003
Tom Coughlin,Dick Jauron,Offensive,Defensive,Other,-0.05925721043099946,-0.058510205586303,-0.34495047527034334,-0.3401007707760804
Tom Coughlin,Dick Jauron,Offensive,Defensive,Other,-0.05925721043099946,-0.058510205586303,-0.34495047527034334,-0.3401007707760804
Tom Coughlin,Dick Jauron,Offensive,Defensive,Other,-0.05925721043099946,-0.058510205586303,-0.34495047527034334,-0.3401007707760804
Tom Coughlin,Dick Jauron,Offensive,Defensive,Other,-0.05925721043099946,-0.058510205586303,-0.34495047527034334,-0.3401007707760804
Pat Shurmur,Dick Jauron,Offensive,Defensive,OC,-0.07257874472673342,-0.058510205586303,-0.42677784863422463,-0.3401007707760804
Pat Shurmur,Dick Jauron,Offensive,Defensive,OC,-0.07257874472673342,-0.058510205586303,-0.42677784863422463,-0.3401007707760804
Jack Del Rio,Dirk Koetter,Defensive,Offensive,DC,-0.07534739827661413,-0.08475848247287567,-0.44367393888277223,-0.5015362887191294
Jack Del Rio,Dirk Koetter,Defensive,Offensive,DC,-0.07534739827661413,-0.08475848247287567,-0.44367393888277223,-0.5015362887191294
Jack Del Rio,Dirk Koetter,Defensive,Offensive,DC,-0.07534739827661413,-0.08475848247287567,-0.44367393888277223,-0.5015362887191294
Jack Del Rio,Dirk Koetter,Defensive,Offensive,DC,-0.07534739827661413,-0.08475848247287567,-0.44367393888277223,-0.5015362887191294
Jack Del Rio,Dirk Koetter,Defensive,Offensive,DC,-0.07534739827661413,-0.08475848247287567,-0.44367393888277223,-0.5015362887191294
Mike Smith,Dirk Koetter,Defensive,Offensive,DC,-0.0915304922493544,-0.08475848247287567,-0.5435097259450433,-0.5015362887191294
Mike Smith,Dirk Koetter,Defensive,Offensive,DC,-0.0915304922493544,-0.08475848247287567,-0.5435097259450433,-0.5015362887191294
Mike Smith,Dirk Koetter,Defensive,Offensive,DC,-0.0915304922493544,-0.08475848247287567,-0.5435097259450433,-0.5015362887191294
Lovie Smith,Dirk Koetter,Defensive,Offensive,DC,-0.20003386527814007,-0.08475848247287567,-1.2104801195015793,-0.5015362887191294
Dan Quinn,Dirk Koetter,Defensive,Offensive,DC,-0.0326486834402676,-0.08475848247287567,-0.1798018143587334,-0.5015362887191294
Dan Quinn,Dirk Koetter,Defensive,Offensive,DC,-0.0326486834402676,-0.08475848247287567,-0.1798018143587334,-0.5015362887191294
Sean Payton,Doug Marrone,Offensive,Offensive,OC,-0.07395534024977947,0.1031906072159834,-0.43552890366754954,0.6445004654973496
Sean Payton,Doug Marrone,Offensive,Offensive,OC,-0.07395534024977947,0.1031906072159834,-0.43552890366754954,0.6445004654973496
Sean Payton,Doug Marrone,Offensive,Offensive,OC,-0.07395534024977947,0.1031906072159834,-0.43552890366754954,0.6445004654973496
Andy Reid,Doug Pederson,Offensive,Offensive,Other,0.05785881941535442,0.16611602973913284,0.3754348570852605,1.0410314669129836
Andy Reid,Doug Pederson,Offensive,Offensive,Other,0.05785881941535442,0.16611602973913284,0.3754348570852605,1.0410314669129836
Andy Reid,Doug Pederson,Offensive,Offensive,Other,0.05785881941535442,0.16611602973913284,0.3754348570852605,1.0410314669129836
Dennis Green,Emmitt Thomas,Offensive,,Other,-0.2145057048114246,-0.1221612157806548,-1.2986510429714515,-0.715078407296125
Dennis Green,Emmitt Thomas,Offensive,,Other,-0.2145057048114246,-0.1221612157806548,-1.2986510429714515,-0.715078407296125
Bill Belichick,Eric Mangini,Defensive,Defensive,DC,-0.012005813379384929,-0.09124596338731308,-0.05449585972752656,-0.5414601859354395
Jim Tomsula,Eric Mangini,Defensive,Defensive,Other,0.0578657387753867,-0.09124596338731308,0.374950516674513,-0.5414601859354395
Brian Flores,Eric Studesville,Defensive,,DC,0.1888227506465501,-0.1507692267298698,1.1801167049732824,-0.8902430380433406
Mike McCoy,Frank Reich,Offensive,Offensive,OC,0.15493276743977938,0.14434822626126861,0.9719678266524597,0.905333464919114
Mike McCoy,Frank Reich,Offensive,Offensive,OC,0.15493276743977938,0.14434822626126861,0.9719678266524597,0.905333464919114
Doug Pederson,Frank Reich,Offensive,Offensive,OC,0.16611602973913284,0.14434822626126861,1.0410314669129836,0.905333464919114
Doug Pederson,Frank Reich,Offensive,Offensive,OC,0.16611602973913284,0.14434822626126861,1.0410314669129836,0.905333464919114
Hue Jackson,Freddie Kitchens,Offensive,Offensive,OC,-0.0002924342791310493,0.0882030489994454,0.017207288425968748,0.5612617436895222
Joe Judge,Freddie Kitchens,Offensive,Offensive,Other,0.0742532748983479,0.0882030489994454,0.4758256573533779,0.5612617436895222
Mike Shanahan,Gary Kubiak,Offensive,Offensive,OC,-0.13836859071965912,-0.24486166125938036,-0.8310064168814524,-1.4858147866532778
Mike Shanahan,Gary Kubiak,Offensive,Offensive,OC,-0.13836859071965912,-0.24486166125938036,-0.8310064168814524,-1.4858147866532778
Mike Shanahan,Gary Kubiak,Offensive,Offensive,OC,-0.13836859071965912,-0.24486166125938036,-0.8310064168814524,-1.4858147866532778
Mike Shanahan,Gary Kubiak,Offensive,Offensive,OC,-0.13836859071965912,-0.24486166125938036,-0.8310064168814524,-1.4858147866532778
Mike Shanahan,Gary Kubiak,Offensive,Offensive,OC,-0.13836859071965912,-0.24486166125938036,-0.8310064168814524,-1.4858147866532778
Mike Shanahan,Gary Kubiak,Offensive,Offensive,OC,-0.13836859071965912,-0.24486166125938036,-0.8310064168814524,-1.4858147866532778
Mike Shanahan,Gary Kubiak,Offensive,Offensive,OC,-0.13836859071965912,-0.24486166125938036,-0.8310064168814524,-1.4858147866532778
Mike Shanahan,Gary Kubiak,Offensive,Offensive,OC,-0.13836859071965912,-0.24486166125938036,-0.8310064168814524,-1.4858147866532778
Mike Shanahan,Gary Kubiak,Offensive,Offensive,OC,-0.13836859071965912,-0.24486166125938036,-0.8310064168814524,-1.4858147866532778
Mike Shanahan,Gary Kubiak,Offensive,Offensive,OC,-0.13836859071965912,-0.24486166125938036,-0.8310064168814524,-1.4858147866532778
Mike Shanahan,Gary Kubiak,Offensive,Offensive,OC,-0.13836859071965912,-0.24486166125938036,-0.8310064168814524,-1.4858147866532778
John Harbaugh,Gary Kubiak,Both,Offensive,Other,0.09620169797675013,-0.24486166125938036,0.6110349259033584,-1.4858147866532778
Mike Zimmer,Gary Kubiak,Both,Offensive,DC,-0.03170237831721474,-0.24486166125938036,-0.17560298537007957,-1.4858147866532778
Jeff Fisher,Gregg Williams,Defensive,,DC,-0.11764481459137352,0.0126099388855602,-0.703621524872854,0.0961249304821747
Jeff Fisher,Gregg Williams,Defensive,,DC,-0.11764481459137352,0.0126099388855602,-0.703621524872854,0.0961249304821747
Jeff Fisher,Gregg Williams,Defensive,,DC,-0.11764481459137352,0.0126099388855602,-0.703621524872854,0.0961249304821747
Jeff Fisher,Gregg Williams,Defensive,,DC,-0.11764481459137352,0.0126099388855602,-0.703621524872854,0.0961249304821747
Joe Gibbs,Gregg Williams,Offensive,,OC,-0.2635422106463649,0.0126099388855602,-1.6010588230795113,0.0961249304821747
Joe Gibbs,Gregg Williams,Offensive,,OC,-0.2635422106463649,0.0126099388855602,-1.6010588230795113,0.0961249304821747
Joe Gibbs,Gregg Williams,Offensive,,OC,-0.2635422106463649,0.0126099388855602,-1.6010588230795113,0.0961249304821747
Joe Gibbs,Gregg Williams,Offensive,,OC,-0.2635422106463649,0.0126099388855602,-1.6010588230795113,0.0961249304821747
Jack Del Rio,Gregg Williams,Defensive,,DC,-0.07534739827661413,0.0126099388855602,-0.44367393888277223,0.0961249304821747
Sean Payton,Gregg Williams,Offensive,,OC,-0.07395534024977947,0.0126099388855602,-0.43552890366754954,0.0961249304821747
Sean Payton,Gregg Williams,Offensive,,OC,-0.07395534024977947,0.0126099388855602,-0.43552890366754954,0.0961249304821747
Sean Payton,Gregg Williams,Offensive,,OC,-0.07395534024977947,0.0126099388855602,-0.43552890366754954,0.0961249304821747
Jeff Fisher,Gregg Williams,Defensive,,DC,-0.11764481459137352,0.0126099388855602,-0.703621524872854,0.0961249304821747
Jeff Fisher,Gregg Williams,Defensive,,DC,-0.11764481459137352,0.0126099388855602,-0.703621524872854,0.0961249304821747
Jeff Fisher,Gregg Williams,Defensive,,DC,-0.11764481459137352,0.0126099388855602,-0.703621524872854,0.0961249304821747
Hue Jackson,Gregg Williams,Offensive,,OC,-0.0002924342791310493,0.0126099388855602,0.017207288425968748,0.0961249304821747
Hue Jackson,Gregg Williams,Offensive,,OC,-0.0002924342791310493,0.0126099388855602,0.017207288425968748,0.0961249304821747
Adam Gase,Gregg Williams,Offensive,,OC,0.07126241392009812,0.0126099388855602,0.4571814222183345,0.0961249304821747
Adam Gase,Gregg Williams,Offensive,,OC,0.07126241392009812,0.0126099388855602,0.4571814222183345,0.0961249304821747
Pete Carroll,Gus Bradley,Defensive,Defensive,DC,0.08051414379845935,0.0700249864110932,0.5144850071555214,0.44971922869286407
Pete Carroll,Gus Bradley,Defensive,Defensive,DC,0.08051414379845935,0.0700249864110932,0.5144850071555214,0.44971922869286407
Pete Carroll,Gus Bradley,Defensive,Defensive,DC,0.08051414379845935,0.0700249864110932,0.5144850071555214,0.44971922869286407
Anthony Lynn,Gus Bradley,Offensive,Defensive,OC,0.04953949811328363,0.0700249864110932,0.32392032262612513,0.44971922869286407
Anthony Lynn,Gus Bradley,Offensive,Defensive,OC,0.04953949811328363,0.0700249864110932,0.32392032262612513,0.44971922869286407
Anthony Lynn,Gus Bradley,Offensive,Defensive,OC,0.04953949811328363,0.0700249864110932,0.32392032262612513,0.44971922869286407
Anthony Lynn,Gus Bradley,Offensive,Defensive,OC,0.04953949811328363,0.0700249864110932,0.32392032262612513,0.44971922869286407
Jon Gruden,Gus Bradley,Offensive,Defensive,OC,-0.09259658711347697,0.0700249864110932,-0.551136118079243,0.44971922869286407
Frank Reich,Gus Bradley,Offensive,Defensive,OC,0.14434822626126861,0.0700249864110932,0.905333464919114,0.44971922869286407
Shane Steichen,Gus Bradley,Offensive,Defensive,OC,0.32779870423048074,0.0700249864110932,2.0346069227507266,0.44971922869286407
Shane Steichen,Gus Bradley,Offensive,Defensive,OC,0.32779870423048074,0.0700249864110932,2.0346069227507266,0.44971922869286407
Bobby Petrino,Hue Jackson,Offensive,Offensive,OC,0.0402053197353266,-0.0002924342791310493,0.2663704142959111,0.017207288425968748
Tom Cable,Hue Jackson,Offensive,Offensive,Other,-0.20533476883015714,-0.0002924342791310493,-1.2404946560431533,0.017207288425968748
Marvin Lewis,Hue Jackson,Defensive,Offensive,DC,-0.06126564269869877,-0.0002924342791310493,-0.35715744941275146,0.017207288425968748
Marvin Lewis,Hue Jackson,Defensive,Offensive,DC,-0.06126564269869877,-0.0002924342791310493,-0.35715744941275146,0.017207288425968748
John Fox,Jack Del Rio,Defensive,Defensive,DC,-0.07028997817568447,-0.07534739827661413,-0.4124903611087965,-0.44367393888277223
John Fox,Jack Del Rio,Defensive,Defensive,DC,-0.07028997817568447,-0.07534739827661413,-0.4124903611087965,-0.44367393888277223
John Fox,Jack Del Rio,Defensive,Defensive,DC,-0.07028997817568447,-0.07534739827661413,-0.4124903611087965,-0.44367393888277223
John Fox,Jack Del Rio,Defensive,Defensive,DC,-0.07028997817568447,-0.07534739827661413,-0.4124903611087965,-0.44367393888277223
Ron Rivera,Jack Del Rio,Defensive,Defensive,DC,0.16605702249832915,-0.07534739827661413,1.0404552041965944,-0.44367393888277223
Ron Rivera,Jack Del Rio,Defensive,Defensive,DC,0.16605702249832915,-0.07534739827661413,1.0404552041965944,-0.44367393888277223
Ron Rivera,Jack Del Rio,Defensive,Defensive,DC,0.16605702249832915,-0.07534739827661413,1.0404552041965944,-0.44367393888277223
Ron Rivera,Jack Del Rio,Defensive,Defensive,DC,0.16605702249832915,-0.07534739827661413,1.0404552041965944,-0.44367393888277223
Wade Phillips,Jason Garrett,Defensive,Offensive,DC,-0.10626947365753354,-0.0541769871026519,-0.6298633762530415,-0.3128801261255479
Wade Phillips,Jason Garrett,Defensive,Offensive,DC,-0.10626947365753354,-0.0541769871026519,-0.6298633762530415,-0.3128801261255479
Wade Phillips,Jason Garrett,Defensive,Offensive,DC,-0.10626947365753354,-0.0541769871026519,-0.6298633762530415,-0.3128801261255479
Wade Phillips,Jason Garrett,Defensive,Offensive,DC,-0.10626947365753354,-0.0541769871026519,-0.6298633762530415,-0.3128801261255479
Joe Judge,Jason Garrett,Offensive,Offensive,Other,0.0742532748983479,-0.0541769871026519,0.4758256573533779,-0.3128801261255479
Joe Judge,Jason Garrett,Offensive,Offensive,Other,0.0742532748983479,-0.0541769871026519,0.4758256573533779,-0.3128801261255479
Marvin Lewis,Jay Gruden,Defensive,Offensive,DC,-0.06126564269869877,-0.001088022110663418,-0.35715744941275146,0.01203959723775482
Marvin Lewis,Jay Gruden,Defensive,Offensive,DC,-0.06126564269869877,-0.001088022110663418,-0.35715744941275146,0.01203959723775482
Marvin Lewis,Jay Gruden,Defensive,Offensive,DC,-0.06126564269869877,-0.001088022110663418,-0.35715744941275146,0.01203959723775482
Doug Marrone,Jay Gruden,Offensive,Offensive,OC,0.1031906072159834,-0.001088022110663418,0.6445004654973496,0.01203959723775482
John Harbaugh,Jim Caldwell,Both,Offensive,Other,0.09620169797675013,0.11629046365827114,0.6110349259033584,0.734357435143737
Bill Cowher,Jim Haslett,Defensive,,DC,-0.0137855111560025,-0.0997739925724331,-0.0654040077741236,-0.5926811863531636
Bill Cowher,Jim Haslett,Defensive,,DC,-0.0137855111560025,-0.0997739925724331,-0.0654040077741236,-0.5926811863531636
Bill Cowher,Jim Haslett,Defensive,,DC,-0.0137855111560025,-0.0997739925724331,-0.0654040077741236,-0.5926811863531636
Scott Linehan,Jim Haslett,Offensive,,OC,-0.209444569133751,-0.0997739925724331,-1.2586715741671899,-0.5926811863531636
Scott Linehan,Jim Haslett,Offensive,,OC,-0.209444569133751,-0.0997739925724331,-1.2586715741671899,-0.5926811863531636
Scott Linehan,Jim Haslett,Offensive,,OC,-0.209444569133751,-0.0997739925724331,-1.2586715741671899,-0.5926811863531636
Mike Shanahan,Jim Haslett,Offensive,,OC,-0.13836859071965912,-0.0997739925724331,-0.8310064168814524,-0.5926811863531636
Mike Shanahan,Jim Haslett,Offensive,,OC,-0.13836859071965912,-0.0997739925724331,-0.8310064168814524,-0.5926811863531636
Mike Shanahan,Jim Haslett,Offensive,,OC,-0.13836859071965912,-0.0997739925724331,-0.8310064168814524,-0.5926811863531636
Mike Shanahan,Jim Haslett,Offensive,,OC,-0.13836859071965912,-0.0997739925724331,-0.8310064168814524,-0.5926811863531636
Jay Gruden,Jim Haslett,Offensive,,OC,-0.001088022110663418,-0.0997739925724331,0.01203959723775482,-0.5926811863531636
Jeff Fisher,Jim Schwartz,Defensive,Defensive,DC,-0.11764481459137352,0.10293902212446063,-0.703621524872854,0.652634662894499
Jeff Fisher,Jim Schwartz,Defensive,Defensive,DC,-0.11764481459137352,0.10293902212446063,-0.703621524872854,0.652634662894499
Jeff Fisher,Jim Schwartz,Defensive,Defensive,DC,-0.11764481459137352,0.10293902212446063,-0.703621524872854,0.652634662894499
Jeff Fisher,Jim Schwartz,Defensive,Defensive,DC,-0.11764481459137352,0.10293902212446063,-0.703621524872854,0.652634662894499
Jeff Fisher,Jim Schwartz,Defensive,Defensive,DC,-0.11764481459137352,0.10293902212446063,-0.703621524872854,0.652634662894499
Jeff Fisher,Jim Schwartz,Defensive,Defensive,DC,-0.11764481459137352,0.10293902212446063,-0.703621524872854,0.652634662894499
Jeff Fisher,Jim Schwartz,Defensive,Defensive,DC,-0.11764481459137352,0.10293902212446063,-0.703621524872854,0.652634662894499
Jeff Fisher,Jim Schwartz,Defensive,Defensive,DC,-0.11764481459137352,0.10293902212446063,-0.703621524872854,0.652634662894499
Doug Marrone,Jim Schwartz,Offensive,Defensive,OC,0.1031906072159834,0.10293902212446063,0.6445004654973496,0.652634662894499
Doug Pederson,Jim Schwartz,Offensive,Defensive,OC,0.16611602973913284,0.10293902212446063,1.0410314669129836,0.652634662894499
Doug Pederson,Jim Schwartz,Offensive,Defensive,OC,0.16611602973913284,0.10293902212446063,1.0410314669129836,0.652634662894499
Doug Pederson,Jim Schwartz,Offensive,Defensive,OC,0.16611602973913284,0.10293902212446063,1.0410314669129836,0.652634662894499
Doug Pederson,Jim Schwartz,Offensive,Defensive,OC,0.16611602973913284,0.10293902212446063,1.0410314669129836,0.652634662894499
Doug Pederson,Jim Schwartz,Offensive,Defensive,OC,0.16611602973913284,0.10293902212446063,1.0410314669129836,0.652634662894499
Kevin Stefanski,Jim Schwartz,Offensive,Defensive,OC,0.03781117051351028,0.10293902212446063,0.2523617545240012,0.652634662894499
Kevin Stefanski,Jim Schwartz,Offensive,Defensive,OC,0.03781117051351028,0.10293902212446063,0.2523617545240012,0.652634662894499
Kevin Stefanski,Jim Schwartz,Offensive,Defensive,OC,0.03781117051351028,0.10293902212446063,0.2523617545240012,0.652634662894499
Bill Belichick,Joe Judge,Defensive,Offensive,DC,-0.012005813379384929,0.0742532748983479,-0.05449585972752656,0.4758256573533779
Bill Belichick,Joe Judge,Defensive,Offensive,DC,-0.012005813379384929,0.0742532748983479,-0.05449585972752656,0.4758256573533779
Bill Belichick,Joe Judge,Defensive,Offensive,DC,-0.012005813379384929,0.0742532748983479,-0.05449585972752656,0.4758256573533779
Bill Belichick,Joe Judge,Defensive,Offensive,DC,-0.012005813379384929,0.0742532748983479,-0.05449585972752656,0.4758256573533779
Bill Belichick,Joe Judge,Defensive,Offensive,DC,-0.012005813379384929,0.0742532748983479,-0.05449585972752656,0.4758256573533779
Mike McCarthy,Joe Philbin,Offensive,Offensive,OC,0.03967998330888984,0.1387586431490168,0.26338973982804653,0.8707764377490573
Mike McCarthy,Joe Philbin,Offensive,Offensive,OC,0.03967998330888984,0.1387586431490168,0.26338973982804653,0.8707764377490573
Mike McCarthy,Joe Philbin,Offensive,Offensive,OC,0.03967998330888984,0.1387586431490168,0.26338973982804653,0.8707764377490573
Mike McCarthy,Joe Philbin,Offensive,Offensive,OC,0.03967998330888984,0.1387586431490168,0.26338973982804653,0.8707764377490573
Mike McCarthy,Joe Philbin,Offensive,Offensive,OC,0.03967998330888984,0.1387586431490168,0.26338973982804653,0.8707764377490573
Mike McCarthy,Joe Philbin,Offensive,Offensive,OC,0.03967998330888984,0.1387586431490168,0.26338973982804653,0.8707764377490573
Art Shell,John Fox,Offensive,Defensive,Other,-0.3785361152751986,-0.07028997817568447,-2.308057211670101,-0.4124903611087965
Andy Reid,John Harbaugh,Offensive,Both,Other,0.05785881941535442,0.09620169797675013,0.3754348570852605,0.6110349259033584
Andy Reid,John Harbaugh,Offensive,Both,Other,0.05785881941535442,0.09620169797675013,0.3754348570852605,0.6110349259033584
Andy Reid,John Harbaugh,Offensive,Both,Other,0.05785881941535442,0.09620169797675013,0.3754348570852605,0.6110349259033584
Andy Reid,John Harbaugh,Offensive,Both,Other,0.05785881941535442,0.09620169797675013,0.3754348570852605,0.6110349259033584
Andy Reid,John Harbaugh,Offensive,Both,Other,0.05785881941535442,0.09620169797675013,0.3754348570852605,0.6110349259033584
Andy Reid,John Harbaugh,Offensive,Both,Other,0.05785881941535442,0.09620169797675013,0.3754348570852605,0.6110349259033584
Andy Reid,John Harbaugh,Offensive,Both,Other,0.05785881941535442,0.09620169797675013,0.3754348570852605,0.6110349259033584
Andy Reid,John Harbaugh,Offensive,Both,Other,0.05785881941535442,0.09620169797675013,0.3754348570852605,0.6110349259033584
Nick Sirianni,Jonathan Gannon,Offensive,Defensive,OC,0.3287627735525698,0.1253644453024523,2.0423183124709934,0.7902785016915649
Nick Sirianni,Jonathan Gannon,Offensive,Defensive,OC,0.3287627735525698,0.1253644453024523,2.0423183124709934,0.7902785016915649
Bill Belichick,Josh McDaniels,Defensive,Offensive,DC,-0.012005813379384929,-0.06202196740747942,-0.05449585972752656,-0.3608385655795995
Bill Belichick,Josh McDaniels,Defensive,Offensive,DC,-0.012005813379384929,-0.06202196740747942,-0.05449585972752656,-0.3608385655795995
Bill Belichick,Josh McDaniels,Defensive,Offensive,DC,-0.012005813379384929,-0.06202196740747942,-0.05449585972752656,-0.3608385655795995
Steve Spagnuolo,Josh McDaniels,Defensive,Offensive,DC,-0.034274417801556295,-0.06202196740747942,-0.19427368842540174,-0.3608385655795995
Bill Belichick,Josh McDaniels,Defensive,Offensive,DC,-0.012005813379384929,-0.06202196740747942,-0.05449585972752656,-0.3608385655795995
Bill Belichick,Josh McDaniels,Defensive,Offensive,DC,-0.012005813379384929,-0.06202196740747942,-0.05449585972752656,-0.3608385655795995
Bill Belichick,Josh McDaniels,Defensive,Offensive,DC,-0.012005813379384929,-0.06202196740747942,-0.05449585972752656,-0.3608385655795995
Bill Belichick,Josh McDaniels,Defensive,Offensive,DC,-0.012005813379384929,-0.06202196740747942,-0.05449585972752656,-0.3608385655795995
Bill Belichick,Josh McDaniels,Defensive,Offensive,DC,-0.012005813379384929,-0.06202196740747942,-0.05449585972752656,-0.3608385655795995
Bill Belichick,Josh McDaniels,Defensive,Offensive,DC,-0.012005813379384929,-0.06202196740747942,-0.05449585972752656,-0.3608385655795995
Bill Belichick,Josh McDaniels,Defensive,Offensive,DC,-0.012005813379384929,-0.06202196740747942,-0.05449585972752656,-0.3608385655795995
Bill Belichick,Josh McDaniels,Defensive,Offensive,DC,-0.012005813379384929,-0.06202196740747942,-0.05449585972752656,-0.3608385655795995
Bill Belichick,Josh McDaniels,Defensive,Offensive,DC,-0.012005813379384929,-0.06202196740747942,-0.05449585972752656,-0.3608385655795995
Bill Belichick,Josh McDaniels,Defensive,Offensive,DC,-0.012005813379384929,-0.06202196740747942,-0.05449585972752656,-0.3608385655795995
Mike Vrabel,Josh McDaniels,Defensive,Offensive,DC,-0.08062391958522634,-0.06202196740747942,-0.4764110570174223,-0.3608385655795995
Bill Cowher,Ken Whisenhunt,Defensive,Offensive,DC,-0.0137855111560025,-0.01855335708684925,-0.0654040077741236,-0.09471089741386628
Bill Cowher,Ken Whisenhunt,Defensive,Offensive,DC,-0.0137855111560025,-0.01855335708684925,-0.0654040077741236,-0.09471089741386628
Bill Cowher,Ken Whisenhunt,Defensive,Offensive,DC,-0.0137855111560025,-0.01855335708684925,-0.0654040077741236,-0.09471089741386628
Mike McCoy,Ken Whisenhunt,Offensive,Offensive,OC,0.15493276743977938,-0.01855335708684925,0.9719678266524597,-0.09471089741386628
Mike McCoy,Ken Whisenhunt,Offensive,Offensive,OC,0.15493276743977938,-0.01855335708684925,0.9719678266524597,-0.09471089741386628
Anthony Lynn,Ken Whisenhunt,Offensive,Offensive,OC,0.04953949811328363,-0.01855335708684925,0.32392032262612513,-0.09471089741386628
Anthony Lynn,Ken Whisenhunt,Offensive,Offensive,OC,0.04953949811328363,-0.01855335708684925,0.32392032262612513,-0.09471089741386628
Anthony Lynn,Ken Whisenhunt,Offensive,Offensive,OC,0.04953949811328363,-0.01855335708684925,0.32392032262612513,-0.09471089741386628
Jay Gruden,Kevin O'Connell,Offensive,Offensive,OC,-0.001088022110663418,-0.025476285190651468,0.01203959723775482,-0.13728666125860614
Sean McVay,Kevin O'Connell,Offensive,Offensive,OC,-0.1076055500702136,-0.025476285190651468,-0.6423816152033088,-0.13728666125860614
Sean McVay,Kevin O'Connell,Offensive,Offensive,OC,-0.1076055500702136,-0.025476285190651468,-0.6423816152033088,-0.13728666125860614
Mike Zimmer,Kevin Stefanski,Both,Offensive,DC,-0.03170237831721474,0.03781117051351028,-0.17560298537007957,0.2523617545240012
Dan Quinn,Kliff Kingsbury,Defensive,Offensive,DC,-0.0326486834402676,0.3068281990202181,-0.1798018143587334,1.9062164169691882
Dan Quinn,Kliff Kingsbury,Defensive,Offensive,DC,-0.0326486834402676,0.3068281990202181,-0.1798018143587334,1.9062164169691882
Gary Kubiak,Kyle Shanahan,Offensive,Offensive,OC,-0.24486166125938036,-0.01696193763989636,-1.4858147866532778,-0.08471817487020467
Gary Kubiak,Kyle Shanahan,Offensive,Offensive,OC,-0.24486166125938036,-0.01696193763989636,-1.4858147866532778,-0.08471817487020467
Mike Shanahan,Kyle Shanahan,Offensive,Offensive,OC,-0.13836859071965912,-0.01696193763989636,-0.8310064168814524,-0.08471817487020467
Mike Shanahan,Kyle Shanahan,Offensive,Offensive,OC,-0.13836859071965912,-0.01696193763989636,-0.8310064168814524,-0.08471817487020467
Mike Shanahan,Kyle Shanahan,Offensive,Offensive,OC,-0.13836859071965912,-0.01696193763989636,-0.8310064168814524,-0.08471817487020467
Mike Shanahan,Kyle Shanahan,Offensive,Offensive,OC,-0.13836859071965912,-0.01696193763989636,-0.8310064168814524,-0.08471817487020467
Mike Pettine,Kyle Shanahan,Defensive,Offensive,DC,-0.027659895248557248,-0.01696193763989636,-0.15040057212216817,-0.08471817487020467
Dan Quinn,Kyle Shanahan,Defensive,Offensive,DC,-0.0326486834402676,-0.01696193763989636,-0.1798018143587334,-0.08471817487020467
Dan Quinn,Kyle Shanahan,Defensive,Offensive,DC,-0.0326486834402676,-0.01696193763989636,-0.1798018143587334,-0.08471817487020467
Marvin Lewis,Leslie Frazier,Defensive,Defensive,DC,-0.06126564269869877,-0.20316683205489286,-0.35715744941275146,-1.2265425875632139
Marvin Lewis,Leslie Frazier,Defensive,Defensive,DC,-0.06126564269869877,-0.20316683205489286,-0.35715744941275146,-1.2265425875632139
Brad Childress,Leslie Frazier,Offensive,Defensive,OC,-0.16993535430305232,-0.20316683205489286,-1.0248171022474224,-1.2265425875632139
Brad Childress,Leslie Frazier,Offensive,Defensive,OC,-0.16993535430305232,-0.20316683205489286,-1.0248171022474224,-1.2265425875632139
Brad Childress,Leslie Frazier,Offensive,Defensive,OC,-0.16993535430305232,-0.20316683205489286,-1.0248171022474224,-1.2265425875632139
Brad Childress,Leslie Frazier,Offensive,Defensive,OC,-0.16993535430305232,-0.20316683205489286,-1.0248171022474224,-1.2265425875632139
Lovie Smith,Leslie Frazier,Defensive,Defensive,DC,-0.20003386527814007,-0.20316683205489286,-1.2104801195015793,-1.2265425875632139
Lovie Smith,Leslie Frazier,Defensive,Defensive,DC,-0.20003386527814007,-0.20316683205489286,-1.2104801195015793,-1.2265425875632139
Sean McDermott,Leslie Frazier,Defensive,Defensive,DC,0.09507600021876046,-0.20316683205489286,0.6043148902488498,-1.2265425875632139
Sean McDermott,Leslie Frazier,Defensive,Defensive,DC,0.09507600021876046,-0.20316683205489286,0.6043148902488498,-1.2265425875632139
Sean McDermott,Leslie Frazier,Defensive,Defensive,DC,0.09507600021876046,-0.20316683205489286,0.6043148902488498,-1.2265425875632139
Sean McDermott,Leslie Frazier,Defensive,Defensive,DC,0.09507600021876046,-0.20316683205489286,0.6043148902488498,-1.2265425875632139
Sean McDermott,Leslie Frazier,Defensive,Defensive,DC,0.09507600021876046,-0.20316683205489286,0.6043148902488498,-1.2265425875632139
Sean McDermott,Leslie Frazier,Defensive,Defensive,DC,0.09507600021876046,-0.20316683205489286,0.6043148902488498,-1.2265425875632139
David Culley,Lovie Smith,Offensive,Defensive,Other,0.03064778975148,-0.20003386527814007,0.2079051228635333,-1.2104801195015793
Bill Callahan,Marc Trestman,,Offensive,OC,0.0479411035651545,0.0604702078633644,0.3126017530775657,0.3911249405847173
Bill Callahan,Marc Trestman,,Offensive,OC,0.0479411035651545,0.0604702078633644,0.3126017530775657,0.3911249405847173
John Harbaugh,Marc Trestman,Both,Offensive,Other,0.09620169797675013,0.0604702078633644,0.6110349259033584,0.3911249405847173
John Harbaugh,Marc Trestman,Both,Offensive,Other,0.09620169797675013,0.0604702078633644,0.6110349259033584,0.3911249405847173
Brian Billick,Marvin Lewis,Offensive,Defensive,OC,-0.099660999827604,-0.06126564269869877,-0.5939343939509094,-0.35715744941275146
Brian Billick,Marvin Lewis,Offensive,Defensive,OC,-0.099660999827604,-0.06126564269869877,-0.5939343939509094,-0.35715744941275146
Brian Billick,Marvin Lewis,Offensive,Defensive,OC,-0.099660999827604,-0.06126564269869877,-0.5939343939509094,-0.35715744941275146
Frank Reich,Matt Eberflus,Offensive,Defensive,OC,0.14434822626126861,0.15640594538126848,0.905333464919114,0.9810395215738718
Frank Reich,Matt Eberflus,Offensive,Defensive,OC,0.14434822626126861,0.15640594538126848,0.905333464919114,0.9810395215738718
Frank Reich,Matt Eberflus,Offensive,Defensive,OC,0.14434822626126861,0.15640594538126848,0.905333464919114,0.9810395215738718
Frank Reich,Matt Eberflus,Offensive,Defensive,OC,0.14434822626126861,0.15640594538126848,0.905333464919114,0.9810395215738718
Sean McVay,Matt LaFleur,Offensive,Offensive,OC,-0.1076055500702136,0.11754120712957546,-0.6423816152033088,0.7421243025895063
Mike Vrabel,Matt LaFleur,Defensive,Offensive,DC,-0.08062391958522634,0.11754120712957546,-0.4764110570174223,0.7421243025895063
Andy Reid,Matt Nagy,Offensive,Offensive,Other,0.05785881941535442,0.17887436049630492,0.3754348570852605,1.1189582811911423
Andy Reid,Matt Nagy,Offensive,Offensive,Other,0.05785881941535442,0.17887436049630492,0.3754348570852605,1.1189582811911423
Andy Reid,Matt Nagy,Offensive,Offensive,Other,0.05785881941535442,0.17887436049630492,0.3754348570852605,1.1189582811911423
Andy Reid,Matt Nagy,Offensive,Offensive,Other,0.05785881941535442,0.17887436049630492,0.3754348570852605,1.1189582811911423
Bill Belichick,Matt Patricia,Defensive,Both,DC,-0.012005813379384929,0.06548918715955017,-0.05449585972752656,0.42204169553584175
Bill Belichick,Matt Patricia,Defensive,Both,DC,-0.012005813379384929,0.06548918715955017,-0.05449585972752656,0.42204169553584175
Bill Belichick,Matt Patricia,Defensive,Both,DC,-0.012005813379384929,0.06548918715955017,-0.05449585972752656,0.42204169553584175
Bill Belichick,Matt Patricia,Defensive,Both,DC,-0.012005813379384929,0.06548918715955017,-0.05449585972752656,0.42204169553584175
Bill Belichick,Matt Patricia,Defensive,Both,DC,-0.012005813379384929,0.06548918715955017,-0.05449585972752656,0.42204169553584175
Bill Belichick,Matt Patricia,Defensive,Both,DC,-0.012005813379384929,0.06548918715955017,-0.05449585972752656,0.42204169553584175
Romeo Crennel,Mel Tucker,Defensive,,DC,-0.13687428903698248,-0.1551424381617097,-0.8191666135352725,-0.9198953328509752
Jack Del Rio,Mel Tucker,Defensive,,DC,-0.07534739827661413,-0.1551424381617097,-0.44367393888277223,-0.9198953328509752
Jack Del Rio,Mel Tucker,Defensive,,DC,-0.07534739827661413,-0.1551424381617097,-0.44367393888277223,-0.9198953328509752
Jack Del Rio,Mel Tucker,Defensive,,DC,-0.07534739827661413,-0.1551424381617097,-0.44367393888277223,-0.9198953328509752
Mike Mularkey,Mel Tucker,Offensive,,OC,-0.03960219428411757,-0.1551424381617097,-0.22394573025366074,-0.9198953328509752
Marc Trestman,Mel Tucker,Offensive,,OC,0.0604702078633644,-0.1551424381617097,0.3911249405847173,-0.9198953328509752
Marc Trestman,Mel Tucker,Offensive,,OC,0.0604702078633644,-0.1551424381617097,0.3911249405847173,-0.9198953328509752
John Harbaugh,Mike Macdonald,Both,Defensive,Other,0.09620169797675013,0.2082047146272483,0.6110349259033584,1.2993448524183049
John Harbaugh,Mike Macdonald,Both,Defensive,Other,0.09620169797675013,0.2082047146272483,0.6110349259033584,1.2993448524183049
Jim Haslett,Mike McCarthy,,Offensive,DC,-0.0997739925724331,0.03967998330888984,-0.5926811863531636,0.26338973982804653
Jim Haslett,Mike McCarthy,,Offensive,DC,-0.0997739925724331,0.03967998330888984,-0.5926811863531636,0.26338973982804653
Jim Haslett,Mike McCarthy,,Offensive,DC,-0.0997739925724331,0.03967998330888984,-0.5926811863531636,0.26338973982804653
Jim Haslett,Mike McCarthy,,Offensive,DC,-0.0997739925724331,0.03967998330888984,-0.5926811863531636,0.26338973982804653
Jim Haslett,Mike McCarthy,,Offensive,DC,-0.0997739925724331,0.03967998330888984,-0.5926811863531636,0.26338973982804653
Mike Nolan,Mike McCarthy,Defensive,Offensive,DC,-0.31273586851856555,0.03967998330888984,-1.8939634875934865,0.26338973982804653
Josh McDaniels,Mike McCoy,Offensive,Offensive,OC,-0.06202196740747942,0.15493276743977938,-0.3608385655795995,0.9719678266524597
Josh McDaniels,Mike McCoy,Offensive,Offensive,OC,-0.06202196740747942,0.15493276743977938,-0.3608385655795995,0.9719678266524597
John Fox,Mike McCoy,Defensive,Offensive,DC,-0.07028997817568447,0.15493276743977938,-0.4124903611087965,0.9719678266524597
John Fox,Mike McCoy,Defensive,Offensive,DC,-0.07028997817568447,0.15493276743977938,-0.4124903611087965,0.9719678266524597
Vance Joseph,Mike McCoy,Defensive,Offensive,DC,0.020825609871215844,0.15493276743977938,0.14744440380871868,0.9719678266524597
Steve Wilks,Mike McCoy,Defensive,Offensive,DC,0.01764645006426975,0.15493276743977938,0.12762479855988054,0.9719678266524597
Kyle Shanahan,Mike McDaniel,Offensive,Offensive,OC,-0.01696193763989636,0.16988422128750177,-0.08471817487020467,1.0639947880821798
Bill Cowher,Mike Mularkey,Defensive,Offensive,DC,-0.0137855111560025,-0.03960219428411757,-0.0654040077741236,-0.22394573025366074
Bill Cowher,Mike Mularkey,Defensive,Offensive,DC,-0.0137855111560025,-0.03960219428411757,-0.0654040077741236,-0.22394573025366074
Bill Cowher,Mike Mularkey,Defensive,Offensive,DC,-0.0137855111560025,-0.03960219428411757,-0.0654040077741236,-0.22394573025366074
Nick Saban,Mike Mularkey,Defensive,Offensive,DC,0.0302464252474261,-0.03960219428411757,0.2054710884336485,-0.22394573025366074
Mike Smith,Mike Mularkey,Defensive,Offensive,DC,-0.0915304922493544,-0.03960219428411757,-0.5435097259450433,-0.22394573025366074
Mike Smith,Mike Mularkey,Defensive,Offensive,DC,-0.0915304922493544,-0.03960219428411757,-0.5435097259450433,-0.22394573025366074
Mike Smith,Mike Mularkey,Defensive,Offensive,DC,-0.0915304922493544,-0.03960219428411757,-0.5435097259450433,-0.22394573025366074
Mike Smith,Mike Mularkey,Defensive,Offensive,DC,-0.0915304922493544,-0.03960219428411757,-0.5435097259450433,-0.22394573025366074
Norv Turner,Mike Nolan,Offensive,Defensive,OC,-0.15543701164987878,-0.31273586851856555,-0.9360462823578931,-1.8939634875934865
Norv Turner,Mike Nolan,Offensive,Defensive,OC,-0.15543701164987878,-0.31273586851856555,-0.9360462823578931,-1.8939634875934865
Norv Turner,Mike Nolan,Offensive,Defensive,OC,-0.15543701164987878,-0.31273586851856555,-0.9360462823578931,-1.8939634875934865
Brian Billick,Mike Nolan,Offensive,Defensive,OC,-0.099660999827604,-0.31273586851856555,-0.5939343939509094,-1.8939634875934865
Brian Billick,Mike Nolan,Offensive,Defensive,OC,-0.099660999827604,-0.31273586851856555,-0.5939343939509094,-1.8939634875934865
Brian Billick,Mike Nolan,Offensive,Defensive,OC,-0.099660999827604,-0.31273586851856555,-0.5939343939509094,-1.8939634875934865
Josh McDaniels,Mike Nolan,Offensive,Defensive,OC,-0.06202196740747942,-0.31273586851856555,-0.3608385655795995,-1.8939634875934865
Tony Sparano,Mike Nolan,Offensive,Defensive,OC,-0.18208420746129395,-0.31273586851856555,-1.0996539925248592,-1.8939634875934865
Tony Sparano,Mike Nolan,Offensive,Defensive,OC,-0.18208420746129395,-0.31273586851856555,-1.0996539925248592,-1.8939634875934865
Mike Smith,Mike Nolan,Defensive,Defensive,DC,-0.0915304922493544,-0.31273586851856555,-0.5435097259450433,-1.8939634875934865
Mike Smith,Mike Nolan,Defensive,Defensive,DC,-0.0915304922493544,-0.31273586851856555,-0.5435097259450433,-1.8939634875934865
Mike Smith,Mike Nolan,Defensive,Defensive,DC,-0.0915304922493544,-0.31273586851856555,-0.5435097259450433,-1.8939634875934865
Mike McCarthy,Mike Nolan,Offensive,Defensive,OC,0.03967998330888984,-0.31273586851856555,0.26338973982804653,-1.8939634875934865
Rex Ryan,Mike Pettine,Defensive,Defensive,DC,0.005226057868502436,-0.027659895248557248,0.050988977589855794,-0.15040057212216817
Rex Ryan,Mike Pettine,Defensive,Defensive,DC,0.005226057868502436,-0.027659895248557248,0.050988977589855794,-0.15040057212216817
Rex Ryan,Mike Pettine,Defensive,Defensive,DC,0.005226057868502436,-0.027659895248557248,0.050988977589855794,-0.15040057212216817
Rex Ryan,Mike Pettine,Defensive,Defensive,DC,0.005226057868502436,-0.027659895248557248,0.050988977589855794,-0.15040057212216817
Doug Marrone,Mike Pettine,Offensive,Defensive,OC,0.1031906072159834,-0.027659895248557248,0.6445004654973496,-0.15040057212216817
Mike McCarthy,Mike Pettine,Offensive,Defensive,OC,0.03967998330888984,-0.027659895248557248,0.26338973982804653,-0.15040057212216817
Matt LaFleur,Mike Pettine,Offensive,Defensive,OC,0.11754120712957546,-0.027659895248557248,0.7421243025895063,-0.15040057212216817
Matt LaFleur,Mike Pettine,Offensive,Defensive,OC,0.11754120712957546,-0.027659895248557248,0.7421243025895063,-0.15040057212216817
Jack Del Rio,Mike Smith,Defensive,Defensive,DC,-0.07534739827661413,-0.0915304922493544,-0.44367393888277223,-0.5435097259450433
Jack Del Rio,Mike Smith,Defensive,Defensive,DC,-0.07534739827661413,-0.0915304922493544,-0.44367393888277223,-0.5435097259450433
Jack Del Rio,Mike Smith,Defensive,Defensive,DC,-0.07534739827661413,-0.0915304922493544,-0.44367393888277223,-0.5435097259450433
Jack Del Rio,Mike Smith,Defensive,Defensive,DC,-0.07534739827661413,-0.0915304922493544,-0.44367393888277223,-0.5435097259450433
Jack Del Rio,Mike Smith,Defensive,Defensive,DC,-0.07534739827661413,-0.0915304922493544,-0.44367393888277223,-0.5435097259450433
Dirk Koetter,Mike Smith,Offensive,Defensive,OC,-0.08475848247287567,-0.0915304922493544,-0.5015362887191294,-0.5435097259450433
Dirk Koetter,Mike Smith,Offensive,Defensive,OC,-0.08475848247287567,-0.0915304922493544,-0.5015362887191294,-0.5435097259450433
Dirk Koetter,Mike Smith,Offensive,Defensive,OC,-0.08475848247287567,-0.0915304922493544,-0.5015362887191294,-0.5435097259450433
Brad Childress,Mike Tomlin,Offensive,Defensive,OC,-0.16993535430305232,0.0958427093759398,-1.0248171022474224,0.6086232209928655
Bill O'Brien,Mike Vrabel,Offensive,Defensive,OC,0.09240642612166387,-0.08062391958522634,0.5858332322631308,-0.4764110570174223
Bill Parcells,Mike Zimmer,Defensive,Both,DC,-0.3059400675377679,-0.03170237831721474,-1.8617937885732088,-0.17560298537007957
Bill Parcells,Mike Zimmer,Defensive,Both,DC,-0.3059400675377679,-0.03170237831721474,-1.8617937885732088,-0.17560298537007957
Bill Parcells,Mike Zimmer,Defensive,Both,DC,-0.3059400675377679,-0.03170237831721474,-1.8617937885732088,-0.17560298537007957
Bill Parcells,Mike Zimmer,Defensive,Both,DC,-0.3059400675377679,-0.03170237831721474,-1.8617937885732088,-0.17560298537007957
Bobby Petrino,Mike Zimmer,Offensive,Both,OC,0.0402053197353266,-0.03170237831721474,0.2663704142959111,-0.17560298537007957
Marvin Lewis,Mike Zimmer,Defensive,Both,DC,-0.06126564269869877,-0.03170237831721474,-0.35715744941275146,-0.17560298537007957
Marvin Lewis,Mike Zimmer,Defensive,Both,DC,-0.06126564269869877,-0.03170237831721474,-0.35715744941275146,-0.17560298537007957
Marvin Lewis,Mike Zimmer,Defensive,Both,DC,-0.06126564269869877,-0.03170237831721474,-0.35715744941275146,-0.17560298537007957
Marvin Lewis,Mike Zimmer,Defensive,Both,DC,-0.06126564269869877,-0.03170237831721474,-0.35715744941275146,-0.17560298537007957
Marvin Lewis,Mike Zimmer,Defensive,Both,DC,-0.06126564269869877,-0.03170237831721474,-0.35715744941275146,-0.17560298537007957
Marvin Lewis,Mike Zimmer,Defensive,Both,DC,-0.06126564269869877,-0.03170237831721474,-0.35715744941275146,-0.17560298537007957
Mike McCarthy,Mike Zimmer,Offensive,Both,OC,0.03967998330888984,-0.03170237831721474,0.26338973982804653,-0.17560298537007957
Doug Marrone,Nathaniel Hackett,Offensive,Offensive,OC,0.1031906072159834,0.070570903167406,0.6445004654973496,0.4529906506004222
Doug Marrone,Nathaniel Hackett,Offensive,Offensive,OC,0.1031906072159834,0.070570903167406,0.6445004654973496,0.4529906506004222
Doug Marrone,Nathaniel Hackett,Offensive,Offensive,OC,0.1031906072159834,0.070570903167406,0.6445004654973496,0.4529906506004222
Doug Marrone,Nathaniel Hackett,Offensive,Offensive,OC,0.1031906072159834,0.070570903167406,0.6445004654973496,0.4529906506004222
Matt LaFleur,Nathaniel Hackett,Offensive,Offensive,OC,0.11754120712957546,0.070570903167406,0.7421243025895063,0.4529906506004222
Matt LaFleur,Nathaniel Hackett,Offensive,Offensive,OC,0.11754120712957546,0.070570903167406,0.7421243025895063,0.4529906506004222
Matt LaFleur,Nathaniel Hackett,Offensive,Offensive,OC,0.11754120712957546,0.070570903167406,0.7421243025895063,0.4529906506004222
Robert Saleh,Nathaniel Hackett,Defensive,Offensive,DC,0.11610763500299577,0.070570903167406,0.7332177106331813,0.4529906506004222
Robert Saleh,Nathaniel Hackett,Defensive,Offensive,DC,0.11610763500299577,0.070570903167406,0.7332177106331813,0.4529906506004222
Bill Belichick,Nick Saban,Defensive,Defensive,DC,-0.012005813379384929,0.0302464252474261,-0.05449585972752656,0.2054710884336485
Bill Belichick,Nick Saban,Defensive,Defensive,DC,-0.012005813379384929,0.0302464252474261,-0.05449585972752656,0.2054710884336485
Bill Belichick,Nick Saban,Defensive,Defensive,DC,-0.012005813379384929,0.0302464252474261,-0.05449585972752656,0.2054710884336485
Bill Belichick,Nick Saban,Defensive,Defensive,DC,-0.012005813379384929,0.0302464252474261,-0.05449585972752656,0.2054710884336485
Frank Reich,Nick Sirianni,Offensive,Offensive,OC,0.14434822626126861,0.3287627735525698,0.905333464919114,2.0423183124709934
Frank Reich,Nick Sirianni,Offensive,Offensive,OC,0.14434822626126861,0.3287627735525698,0.905333464919114,2.0423183124709934
Frank Reich,Nick Sirianni,Offensive,Offensive,OC,0.14434822626126861,0.3287627735525698,0.905333464919114,2.0423183124709934
Mike Nolan,Norv Turner,Defensive,Offensive,DC,-0.31273586851856555,-0.15543701164987878,-1.8939634875934865,-0.9360462823578931
Rob Chudzinski,Norv Turner,Offensive,Offensive,OC,0.0405985545819608,-0.15543701164987878,0.2691220704428566,-0.9360462823578931
Mike Zimmer,Norv Turner,Both,Offensive,DC,-0.03170237831721474,-0.15543701164987878,-0.17560298537007957,-0.9360462823578931
Mike Zimmer,Norv Turner,Both,Offensive,DC,-0.03170237831721474,-0.15543701164987878,-0.17560298537007957,-0.9360462823578931
Mike Zimmer,Norv Turner,Both,Offensive,DC,-0.03170237831721474,-0.15543701164987878,-0.17560298537007957,-0.9360462823578931
Ron Rivera,Norv Turner,Defensive,Offensive,DC,0.16605702249832915,-0.15543701164987878,1.0404552041965944,-0.9360462823578931
Ron Rivera,Norv Turner,Defensive,Offensive,DC,0.16605702249832915,-0.15543701164987878,1.0404552041965944,-0.9360462823578931
Steve Spagnuolo,Pat Shurmur,Defensive,Offensive,DC,-0.034274417801556295,-0.07257874472673342,-0.19427368842540174,-0.42677784863422463
Steve Spagnuolo,Pat Shurmur,Defensive,Offensive,DC,-0.034274417801556295,-0.07257874472673342,-0.19427368842540174,-0.42677784863422463
Chip Kelly,Pat Shurmur,Both,Offensive,OC,0.2927042069316006,-0.07257874472673342,1.8190343555491082,-0.42677784863422463
Chip Kelly,Pat Shurmur,Both,Offensive,OC,0.2927042069316006,-0.07257874472673342,1.8190343555491082,-0.42677784863422463
Chip Kelly,Pat Shurmur,Both,Offensive,OC,0.2927042069316006,-0.07257874472673342,1.8190343555491082,-0.42677784863422463
Mike Zimmer,Pat Shurmur,Both,Offensive,DC,-0.03170237831721474,-0.07257874472673342,-0.17560298537007957,-0.42677784863422463
Vic Fangio,Pat Shurmur,Defensive,Offensive,DC,-0.01258021462012277,-0.07257874472673342,-0.05796825732189113,-0.42677784863422463
Vic Fangio,Pat Shurmur,Defensive,Offensive,DC,-0.01258021462012277,-0.07257874472673342,-0.05796825732189113,-0.42677784863422463
Dick Jauron,Perry Fewell,Defensive,,DC,-0.058510205586303,-0.0700478284980575,-0.3401007707760804,-0.4076893613762348
Dick Jauron,Perry Fewell,Defensive,,DC,-0.058510205586303,-0.0700478284980575,-0.3401007707760804,-0.4076893613762348
Dick Jauron,Perry Fewell,Defensive,,DC,-0.058510205586303,-0.0700478284980575,-0.3401007707760804,-0.4076893613762348
Dick Jauron,Perry Fewell,Defensive,,DC,-0.058510205586303,-0.0700478284980575,-0.3401007707760804,-0.4076893613762348
Tom Coughlin,Perry Fewell,Offensive,,Other,-0.05925721043099946,-0.0700478284980575,-0.34495047527034334,-0.4076893613762348
Tom Coughlin,Perry Fewell,Offensive,,Other,-0.05925721043099946,-0.0700478284980575,-0.34495047527034334,-0.4076893613762348
Tom Coughlin,Perry Fewell,Offensive,,Other,-0.05925721043099946,-0.0700478284980575,-0.34495047527034334,-0.4076893613762348
Tom Coughlin,Perry Fewell,Offensive,,Other,-0.05925721043099946,-0.0700478284980575,-0.34495047527034334,-0.4076893613762348
Tom Coughlin,Perry Fewell,Offensive,,Other,-0.05925721043099946,-0.0700478284980575,-0.34495047527034334,-0.4076893613762348
Dan Quinn,Raheem Morris,Defensive,Both,DC,-0.0326486834402676,-0.029535214967786338,-0.1798018143587334,-0.16165628813104344
Sean McVay,Raheem Morris,Offensive,Both,OC,-0.1076055500702136,-0.029535214967786338,-0.6423816152033088,-0.16165628813104344
Sean McVay,Raheem Morris,Offensive,Both,OC,-0.1076055500702136,-0.029535214967786338,-0.6423816152033088,-0.16165628813104344
Sean McVay,Raheem Morris,Offensive,Both,OC,-0.1076055500702136,-0.029535214967786338,-0.6423816152033088,-0.16165628813104344
Brian Billick,Rex Ryan,Offensive,Defensive,OC,-0.099660999827604,0.005226057868502436,-0.5939343939509094,0.050988977589855794
Brian Billick,Rex Ryan,Offensive,Defensive,OC,-0.099660999827604,0.005226057868502436,-0.5939343939509094,0.050988977589855794
Brian Billick,Rex Ryan,Offensive,Defensive,OC,-0.099660999827604,0.005226057868502436,-0.5939343939509094,0.050988977589855794
John Harbaugh,Rex Ryan,Both,Defensive,Other,0.09620169797675013,0.005226057868502436,0.6110349259033584,0.050988977589855794
Norv Turner,Rich Bisaccia,Offensive,,OC,-0.15543701164987878,0.041552061252203,-0.9360462823578931,0.2743758429775144
Romeo Crennel,Rob Chudzinski,Defensive,Offensive,DC,-0.13687428903698248,0.0405985545819608,-0.8191666135352725,0.2691220704428566
Romeo Crennel,Rob Chudzinski,Defensive,Offensive,DC,-0.13687428903698248,0.0405985545819608,-0.8191666135352725,0.2691220704428566
Ron Rivera,Rob Chudzinski,Defensive,Offensive,DC,0.16605702249832915,0.0405985545819608,1.0404552041965944,0.2691220704428566
Ron Rivera,Rob Chudzinski,Defensive,Offensive,DC,0.16605702249832915,0.0405985545819608,1.0404552041965944,0.2691220704428566
Chuck Pagano,Rob Chudzinski,Defensive,Offensive,DC,-0.002538858835349616,0.0405985545819608,0.0037671671962663474,0.2691220704428566
Chuck Pagano,Rob Chudzinski,Defensive,Offensive,DC,-0.002538858835349616,0.0405985545819608,0.0037671671962663474,0.2691220704428566
Kyle Shanahan,Robert Saleh,Offensive,Defensive,OC,-0.01696193763989636,0.11610763500299577,-0.08471817487020467,0.7332177106331813
Kyle Shanahan,Robert Saleh,Offensive,Defensive,OC,-0.01696193763989636,0.11610763500299577,-0.08471817487020467,0.7332177106331813
Kyle Shanahan,Robert Saleh,Offensive,Defensive,OC,-0.01696193763989636,0.11610763500299577,-0.08471817487020467,0.7332177106331813
Kyle Shanahan,Robert Saleh,Offensive,Defensive,OC,-0.01696193763989636,0.11610763500299577,-0.08471817487020467,0.7332177106331813
Kyle Shanahan,Robert Saleh,Offensive,Defensive,OC,-0.01696193763989636,0.11610763500299577,-0.08471817487020467,0.7332177106331813
Lovie Smith,Rod Marinelli,Defensive,Defensive,DC,-0.20003386527814007,-0.25839034936125566,-1.2104801195015793,-1.5682374035106748
Lovie Smith,Rod Marinelli,Defensive,Defensive,DC,-0.20003386527814007,-0.25839034936125566,-1.2104801195015793,-1.5682374035106748
Lovie Smith,Rod Marinelli,Defensive,Defensive,DC,-0.20003386527814007,-0.25839034936125566,-1.2104801195015793,-1.5682374035106748
Jason Garrett,Rod Marinelli,Offensive,Defensive,OC,-0.0541769871026519,-0.25839034936125566,-0.3128801261255479,-1.5682374035106748
Jason Garrett,Rod Marinelli,Offensive,Defensive,OC,-0.0541769871026519,-0.25839034936125566,-0.3128801261255479,-1.5682374035106748
Jason Garrett,Rod Marinelli,Offensive,Defensive,OC,-0.0541769871026519,-0.25839034936125566,-0.3128801261255479,-1.5682374035106748
Jason Garrett,Rod Marinelli,Offensive,Defensive,OC,-0.0541769871026519,-0.25839034936125566,-0.3128801261255479,-1.5682374035106748
Jason Garrett,Rod Marinelli,Offensive,Defensive,OC,-0.0541769871026519,-0.25839034936125566,-0.3128801261255479,-1.5682374035106748
Jason Garrett,Rod Marinelli,Offensive,Defensive,OC,-0.0541769871026519,-0.25839034936125566,-0.3128801261255479,-1.5682374035106748
Bill Belichick,Romeo Crennel,Defensive,Defensive,DC,-0.012005813379384929,-0.13687428903698248,-0.05449585972752656,-0.8191666135352725
Bill Belichick,Romeo Crennel,Defensive,Defensive,DC,-0.012005813379384929,-0.13687428903698248,-0.05449585972752656,-0.8191666135352725
Bill Belichick,Romeo Crennel,Defensive,Defensive,DC,-0.012005813379384929,-0.13687428903698248,-0.05449585972752656,-0.8191666135352725
Bill Belichick,Romeo Crennel,Defensive,Defensive,DC,-0.012005813379384929,-0.13687428903698248,-0.05449585972752656,-0.8191666135352725
Todd Haley,Romeo Crennel,Offensive,Defensive,OC,-0.1445324322283262,-0.13687428903698248,-0.8686931155237617,-0.8191666135352725
Todd Haley,Romeo Crennel,Offensive,Defensive,OC,-0.1445324322283262,-0.13687428903698248,-0.8686931155237617,-0.8191666135352725
Bill O'Brien,Romeo Crennel,Offensive,Defensive,OC,0.09240642612166387,-0.13687428903698248,0.5858332322631308,-0.8191666135352725
Bill O'Brien,Romeo Crennel,Offensive,Defensive,OC,0.09240642612166387,-0.13687428903698248,0.5858332322631308,-0.8191666135352725
Bill O'Brien,Romeo Crennel,Offensive,Defensive,OC,0.09240642612166387,-0.13687428903698248,0.5858332322631308,-0.8191666135352725
Bill O'Brien,Romeo Crennel,Offensive,Defensive,OC,0.09240642612166387,-0.13687428903698248,0.5858332322631308,-0.8191666135352725
Bill O'Brien,Romeo Crennel,Offensive,Defensive,OC,0.09240642612166387,-0.13687428903698248,0.5858332322631308,-0.8191666135352725
Lovie Smith,Ron Rivera,Defensive,Defensive,DC,-0.20003386527814007,0.16605702249832915,-1.2104801195015793,1.0404552041965944
Lovie Smith,Ron Rivera,Defensive,Defensive,DC,-0.20003386527814007,0.16605702249832915,-1.2104801195015793,1.0404552041965944
Lovie Smith,Ron Rivera,Defensive,Defensive,DC,-0.20003386527814007,0.16605702249832915,-1.2104801195015793,1.0404552041965944
Norv Turner,Ron Rivera,Offensive,Defensive,OC,-0.15543701164987878,0.16605702249832915,-0.9360462823578931,1.0404552041965944
Norv Turner,Ron Rivera,Offensive,Defensive,OC,-0.15543701164987878,0.16605702249832915,-0.9360462823578931,1.0404552041965944
Norv Turner,Ron Rivera,Offensive,Defensive,OC,-0.15543701164987878,0.16605702249832915,-0.9360462823578931,1.0404552041965944
Nick Saban,Scott Linehan,Defensive,Offensive,DC,0.0302464252474261,-0.209444569133751,0.2054710884336485,-1.2586715741671899
Jim Schwartz,Scott Linehan,Defensive,Offensive,DC,0.10293902212446063,-0.209444569133751,0.652634662894499,-1.2586715741671899
Jim Schwartz,Scott Linehan,Defensive,Offensive,DC,0.10293902212446063,-0.209444569133751,0.652634662894499,-1.2586715741671899
Jim Schwartz,Scott Linehan,Defensive,Offensive,DC,0.10293902212446063,-0.209444569133751,0.652634662894499,-1.2586715741671899
Jim Schwartz,Scott Linehan,Defensive,Offensive,DC,0.10293902212446063,-0.209444569133751,0.652634662894499,-1.2586715741671899
Jim Schwartz,Scott Linehan,Defensive,Offensive,DC,0.10293902212446063,-0.209444569133751,0.652634662894499,-1.2586715741671899
Jason Garrett,Scott Linehan,Offensive,Offensive,OC,-0.0541769871026519,-0.209444569133751,-0.3128801261255479,-1.2586715741671899
Jason Garrett,Scott Linehan,Offensive,Offensive,OC,-0.0541769871026519,-0.209444569133751,-0.3128801261255479,-1.2586715741671899
Jason Garrett,Scott Linehan,Offensive,Offensive,OC,-0.0541769871026519,-0.209444569133751,-0.3128801261255479,-1.2586715741671899
Jason Garrett,Scott Linehan,Offensive,Offensive,OC,-0.0541769871026519,-0.209444569133751,-0.3128801261255479,-1.2586715741671899
Andy Reid,Sean McDermott,Offensive,Defensive,Other,0.05785881941535442,0.09507600021876046,0.3754348570852605,0.6043148902488498
Andy Reid,Sean McDermott,Offensive,Defensive,Other,0.05785881941535442,0.09507600021876046,0.3754348570852605,0.6043148902488498
Ron Rivera,Sean McDermott,Defensive,Defensive,DC,0.16605702249832915,0.09507600021876046,1.0404552041965944,0.6043148902488498
Ron Rivera,Sean McDermott,Defensive,Defensive,DC,0.16605702249832915,0.09507600021876046,1.0404552041965944,0.6043148902488498
Ron Rivera,Sean McDermott,Defensive,Defensive,DC,0.16605702249832915,0.09507600021876046,1.0404552041965944,0.6043148902488498
Ron Rivera,Sean McDermott,Defensive,Defensive,DC,0.16605702249832915,0.09507600021876046,1.0404552041965944,0.6043148902488498
Ron Rivera,Sean McDermott,Defensive,Defensive,DC,0.16605702249832915,0.09507600021876046,1.0404552041965944,0.6043148902488498
Ron Rivera,Sean McDermott,Defensive,Defensive,DC,0.16605702249832915,0.09507600021876046,1.0404552041965944,0.6043148902488498
Jay Gruden,Sean McVay,Offensive,Offensive,OC,-0.001088022110663418,-0.1076055500702136,0.01203959723775482,-0.6423816152033088
Jay Gruden,Sean McVay,Offensive,Offensive,OC,-0.001088022110663418,-0.1076055500702136,0.01203959723775482,-0.6423816152033088
Jay Gruden,Sean McVay,Offensive,Offensive,OC,-0.001088022110663418,-0.1076055500702136,0.01203959723775482,-0.6423816152033088
Anthony Lynn,Shane Steichen,Offensive,Offensive,OC,0.04953949811328363,0.32779870423048074,0.32392032262612513,2.0346069227507266
Nick Sirianni,Shane Steichen,Offensive,Offensive,OC,0.3287627735525698,0.32779870423048074,2.0423183124709934,2.0346069227507266
Nick Sirianni,Shane Steichen,Offensive,Offensive,OC,0.3287627735525698,0.32779870423048074,2.0423183124709934,2.0346069227507266
Tom Coughlin,Steve Spagnuolo,Offensive,Defensive,Other,-0.05925721043099946,-0.034274417801556295,-0.34495047527034334,-0.19427368842540174
Tom Coughlin,Steve Spagnuolo,Offensive,Defensive,Other,-0.05925721043099946,-0.034274417801556295,-0.34495047527034334,-0.19427368842540174
Tom Coughlin,Steve Spagnuolo,Offensive,Defensive,Other,-0.05925721043099946,-0.034274417801556295,-0.34495047527034334,-0.19427368842540174
Ben McAdoo,Steve Spagnuolo,Offensive,Defensive,OC,0.09689017423200649,-0.034274417801556295,0.6146530494398115,-0.19427368842540174
Ben McAdoo,Steve Spagnuolo,Offensive,Defensive,OC,0.09689017423200649,-0.034274417801556295,0.6146530494398115,-0.19427368842540174
Andy Reid,Steve Spagnuolo,Offensive,Defensive,Other,0.05785881941535442,-0.034274417801556295,0.3754348570852605,-0.19427368842540174
Andy Reid,Steve Spagnuolo,Offensive,Defensive,Other,0.05785881941535442,-0.034274417801556295,0.3754348570852605,-0.19427368842540174
Andy Reid,Steve Spagnuolo,Offensive,Defensive,Other,0.05785881941535442,-0.034274417801556295,0.3754348570852605,-0.19427368842540174
Andy Reid,Steve Spagnuolo,Offensive,Defensive,Other,0.05785881941535442,-0.034274417801556295,0.3754348570852605,-0.19427368842540174
Andy Reid,Steve Spagnuolo,Offensive,Defensive,Other,0.05785881941535442,-0.034274417801556295,0.3754348570852605,-0.19427368842540174
Andy Reid,Steve Spagnuolo,Offensive,Defensive,Other,0.05785881941535442,-0.034274417801556295,0.3754348570852605,-0.19427368842540174
Andy Reid,Steve Spagnuolo,Offensive,Defensive,Other,0.05785881941535442,-0.034274417801556295,0.3754348570852605,-0.19427368842540174
Ron Rivera,Steve Wilks,Defensive,Defensive,DC,0.16605702249832915,0.01764645006426975,1.0404552041965944,0.12762479855988054
Freddie Kitchens,Steve Wilks,Offensive,Defensive,OC,0.0882030489994454,0.01764645006426975,0.5612617436895222,0.12762479855988054
Kyle Shanahan,Steve Wilks,Offensive,Defensive,OC,-0.01696193763989636,0.01764645006426975,-0.08471817487020467,0.12762479855988054
Bruce Arians,Todd Bowles,Offensive,Defensive,OC,-0.049802822575126963,0.022248653193523798,-0.28678499986080175,0.16543847955558327
Bruce Arians,Todd Bowles,Offensive,Defensive,OC,-0.049802822575126963,0.022248653193523798,-0.28678499986080175,0.16543847955558327
Bruce Arians,Todd Bowles,Offensive,Defensive,OC,-0.049802822575126963,0.022248653193523798,-0.28678499986080175,0.16543847955558327
Bruce Arians,Todd Bowles,Offensive,Defensive,OC,-0.049802822575126963,0.022248653193523798,-0.28678499986080175,0.16543847955558327
Bruce Arians,Todd Bowles,Offensive,Defensive,OC,-0.049802822575126963,0.022248653193523798,-0.28678499986080175,0.16543847955558327
Ken Whisenhunt,Todd Haley,Offensive,Offensive,OC,-0.01855335708684925,-0.1445324322283262,-0.09471089741386628,-0.8686931155237617
Ken Whisenhunt,Todd Haley,Offensive,Offensive,OC,-0.01855335708684925,-0.1445324322283262,-0.09471089741386628,-0.8686931155237617
Mike Tomlin,Todd Haley,Defensive,Offensive,DC,0.0958427093759398,-0.1445324322283262,0.6086232209928655,-0.8686931155237617
Mike Tomlin,Todd Haley,Defensive,Offensive,DC,0.0958427093759398,-0.1445324322283262,0.6086232209928655,-0.8686931155237617
Mike Tomlin,Todd Haley,Defensive,Offensive,DC,0.0958427093759398,-0.1445324322283262,0.6086232209928655,-0.8686931155237617
Mike Tomlin,Todd Haley,Defensive,Offensive,DC,0.0958427093759398,-0.1445324322283262,0.6086232209928655,-0.8686931155237617
Mike Tomlin,Todd Haley,Defensive,Offensive,DC,0.0958427093759398,-0.1445324322283262,0.6086232209928655,-0.8686931155237617
Mike Tomlin,Todd Haley,Defensive,Offensive,DC,0.0958427093759398,-0.1445324322283262,0.6086232209928655,-0.8686931155237617
Hue Jackson,Todd Haley,Offensive,Offensive,OC,-0.0002924342791310493,-0.1445324322283262,0.017207288425968748,-0.8686931155237617
Dennis Green,Tony Dungy,Offensive,Defensive,Other,-0.2145057048114246,-0.0774241181003936,-1.2986510429714515,-0.45682486060219113
Dennis Green,Tony Dungy,Offensive,Defensive,Other,-0.2145057048114246,-0.0774241181003936,-1.2986510429714515,-0.45682486060219113
Dennis Green,Tony Dungy,Offensive,Defensive,Other,-0.2145057048114246,-0.0774241181003936,-1.2986510429714515,-0.45682486060219113
Dennis Green,Tony Dungy,Offensive,Defensive,Other,-0.2145057048114246,-0.0774241181003936,-1.2986510429714515,-0.45682486060219113
Rex Ryan,Tony Sparano,Defensive,Offensive,DC,0.005226057868502436,-0.18208420746129395,0.050988977589855794,-1.0996539925248592
Adam Gase,Vance Joseph,Offensive,Defensive,OC,0.07126241392009812,0.020825609871215844,0.4571814222183345,0.14744440380871868
Kliff Kingsbury,Vance Joseph,Offensive,Defensive,OC,0.3068281990202181,0.020825609871215844,1.9062164169691882,0.14744440380871868
Kliff Kingsbury,Vance Joseph,Offensive,Defensive,OC,0.3068281990202181,0.020825609871215844,1.9062164169691882,0.14744440380871868
Kliff Kingsbury,Vance Joseph,Offensive,Defensive,OC,0.3068281990202181,0.020825609871215844,1.9062164169691882,0.14744440380871868
Kliff Kingsbury,Vance Joseph,Offensive,Defensive,OC,0.3068281990202181,0.020825609871215844,1.9062164169691882,0.14744440380871868
Sean Payton,Vance Joseph,Offensive,Defensive,OC,-0.07395534024977947,0.020825609871215844,-0.43552890366754954,0.14744440380871868
Sean Payton,Vance Joseph,Offensive,Defensive,OC,-0.07395534024977947,0.020825609871215844,-0.43552890366754954,0.14744440380871868
Sean Payton,Vance Joseph,Offensive,Defensive,OC,-0.07395534024977947,0.020825609871215844,-0.43552890366754954,0.14744440380871868
Jim Harbaugh,Vic Fangio,Offensive,Defensive,Other,-0.001279414067898399,-0.01258021462012277,0.011485615483045608,-0.05796825732189113
Jim Harbaugh,Vic Fangio,Offensive,Defensive,Other,-0.001279414067898399,-0.01258021462012277,0.011485615483045608,-0.05796825732189113
Jim Harbaugh,Vic Fangio,Offensive,Defensive,Other,-0.001279414067898399,-0.01258021462012277,0.011485615483045608,-0.05796825732189113
Jim Harbaugh,Vic Fangio,Offensive,Defensive,Other,-0.001279414067898399,-0.01258021462012277,0.011485615483045608,-0.05796825732189113
John Fox,Vic Fangio,Defensive,Defensive,DC,-0.07028997817568447,-0.01258021462012277,-0.4124903611087965,-0.05796825732189113
John Fox,Vic Fangio,Defensive,Defensive,DC,-0.07028997817568447,-0.01258021462012277,-0.4124903611087965,-0.05796825732189113
John Fox,Vic Fangio,Defensive,Defensive,DC,-0.07028997817568447,-0.01258021462012277,-0.4124903611087965,-0.05796825732189113
Matt Nagy,Vic Fangio,Offensive,Defensive,OC,0.17887436049630492,-0.01258021462012277,1.1189582811911423,-0.05796825732189113
Mike McDaniel,Vic Fangio,Offensive,Defensive,OC,0.16988422128750177,-0.01258021462012277,1.0639947880821798,-0.05796825732189113
Nick Sirianni,Vic Fangio,Offensive,Defensive,OC,0.3287627735525698,-0.01258021462012277,2.0423183124709934,-0.05796825732189113
Nick Sirianni,Vic Fangio,Offensive,Defensive,OC,0.3287627735525698,-0.01258021462012277,2.0423183124709934,-0.05796825732189113
Marty Schottenheimer,Wade Phillips,Defensive,Defensive,DC,-0.2670704979175999,-0.10626947365753354,-1.6226093268285404,-0.6298633762530415
Marty Schottenheimer,Wade Phillips,Defensive,Defensive,DC,-0.2670704979175999,-0.10626947365753354,-1.6226093268285404,-0.6298633762530415
Marty Schottenheimer,Wade Phillips,Defensive,Defensive,DC,-0.2670704979175999,-0.10626947365753354,-1.6226093268285404,-0.6298633762530415
Gary Kubiak,Wade Phillips,Offensive,Defensive,OC,-0.24486166125938036,-0.10626947365753354,-1.4858147866532778,-0.6298633762530415
Gary Kubiak,Wade Phillips,Offensive,Defensive,OC,-0.24486166125938036,-0.10626947365753354,-1.4858147866532778,-0.6298633762530415
Gary Kubiak,Wade Phillips,Offensive,Defensive,OC,-0.24486166125938036,-0.10626947365753354,-1.4858147866532778,-0.6298633762530415
Gary Kubiak,Wade Phillips,Offensive,Defensive,OC,-0.24486166125938036,-0.10626947365753354,-1.4858147866532778,-0.6298633762530415
Gary Kubiak,Wade Phillips,Offensive,Defensive,OC,-0.24486166125938036,-0.10626947365753354,-1.4858147866532778,-0.6298633762530415
Sean McVay,Wade Phillips,Offensive,Defensive,OC,-0.1076055500702136,-0.10626947365753354,-0.6423816152033088,-0.6298633762530415
Sean McVay,Wade Phillips,Offensive,Defensive,OC,-0.1076055500702136,-0.10626947365753354,-0.6423816152033088,-0.6298633762530415
Sean McVay,Wade Phillips,Offensive,Defensive,OC,-0.1076055500702136,-0.10626947365753354,-0.6423816152033088,-0.6298633762530415
