defteam,season,actual_box,predicted_box,box_plays,box_stacking_gene,actual_rushers,predicted_rushers,rush_plays,pass_rush_gene,actual_man,predicted_man_prob,man_plays,man_coverage_gene,total_plays,box_stacking_gene_zscore,pass_rush_gene_zscore,man_coverage_gene_zscore,composite_scheme,scheme_components,composite_scheme_zscore,head_coach
DEN,2016,6.703773584905661,6.285497,1060,0.41827639633754554,4.483050847457627,4.2791076,590,0.2039432768094338,,,,,1650.0,2.0552635427588584,1.7116770909101777,,1.8834703168345182,2,2.5904191838041144,Gary Kubiak
NYJ,2016,6.648148148148148,6.235018,972,0.4131303716588901,4.464788732394366,4.2812653,568,0.18352347360530352,,,,,1540.0,2.01730555192663,1.5383784818104909,,1.7778420168685605,2,2.4443467125168508,Todd Bowles
ARI,2016,6.594836146971201,6.253337,1007,0.3414992405380959,4.496621621621622,4.27687,592,0.21975184775687584,,,,,1599.0,1.4889416228411503,1.8458411340039567,,1.6673913784225536,2,2.2916054706501923,Bruce Arians
NO,2016,6.5045685279187815,6.263895,985,0.24067349312874242,4.452892561983471,4.263618,605,0.18927456958234767,,,,,1590.0,0.745233025466771,1.5871868333728096,,1.1662099294197903,2,1.5985259375822607,Sean Payton
LV,2016,6.5688161693936475,6.2746825,1039,0.2941336475735792,4.379251700680272,4.2543926,588,0.12485907677890484,,,,,1627.0,1.1395646074203987,1.0405059865637873,,1.090035296992093,2,1.4931846908548332,Jack Del Rio
LA,2016,6.315014720314033,6.186349,1019,0.12866580521393534,4.469522240527183,4.2815595,607,0.18796277321150878,,,,,1626.0,-0.08095554852976236,1.5760538912863544,,0.747549171378296,2,1.0195635612320835,Jeff Fisher
TEN,2016,6.416338582677166,6.227006,1016,0.18933262412003682,4.333830104321907,4.237359,671,0.09647105738587225,,,,,1687.0,0.3665336688091476,0.7995827892769298,,0.5830582290430387,2,0.7920904459871583,Mike Mularkey
NYG,2016,6.358422939068101,6.130026,1116,0.2283970754206397,4.307254623044097,4.2549014,703,0.05235321389492675,,,,,1819.0,0.6546799908593817,0.4251638569773242,,0.5399219239183529,2,0.7324376191046369,Ben McAdoo
MIA,2016,6.413178984861977,6.217421,1123,0.19575793002188924,4.3213728549141965,4.254354,641,0.0670188548226438,,,,,1764.0,0.4139278648627311,0.5496280914717454,,0.4817779781672382,2,0.6520308545444277,Adam Gase
DET,2016,6.344488188976378,6.2128487,1016,0.13163952564629966,4.347611202635914,4.244371,607,0.10324026528850183,,,,,1623.0,-0.059020859141761466,0.8570316443175618,,0.3990053925879002,2,0.5375653549168932,Jim Caldwell
TB,2016,6.468063872255489,6.2799478,1002,0.1881161145345418,4.32991452991453,4.281398,585,0.04851671039548666,,,,,1587.0,0.3575604783219224,0.3926042522831629,,0.3750823653025427,2,0.5044824053913302,Dirk Koetter
GB,2016,6.3760683760683765,6.1696835,1170,0.20638491964747807,4.2506811989100814,4.2205067,734,0.030174530819261136,,,,,1904.0,0.4923144253577497,0.23693800140697321,,0.36462621338236145,2,0.4900226824607502,Mike McCarthy
JAX,2016,6.60515873015873,6.315909,1008,0.2892498213147361,4.227036395147314,4.2700396,577,-0.043003163263330535,,,,,1585.0,1.1035406386414932,-0.38410581938119354,,0.35971740963014986,2,0.4832343397970812,Gus Bradley
PHI,2016,6.368091762252346,6.2144856,959,0.15360611695815685,4.323076923076923,4.2680135,585,0.055063445751483364,,,,,1544.0,0.10300861481105943,0.448165029240528,,0.2755868220257937,2,0.3668908708008128,Doug Pederson
SEA,2016,6.42170818505338,6.2254443,1124,0.1962638681893667,4.256568778979907,4.260339,647,-0.0037700042842532255,,,,,1771.0,0.4176597545294168,-0.05114218532003112,,0.18325878460469283,2,0.23921121866639727,Pete Carroll
MIN,2016,6.410152284263959,6.2578135,985,0.1523388305896427,4.304273504273504,4.272673,585,0.03160037423810369,,,,,1570.0,0.09366088576549333,0.2490388369933503,,0.17134986137942182,2,0.22274247074139744,Mike Zimmer
LAC,2016,6.473267326732674,6.2058587,1010,0.26740861930469517,4.1549755301794455,4.230234,613,-0.07525861593871852,,,,,1623.0,0.9424360584204383,-0.657851115976161,,0.14229247122213867,2,0.1825592547774892,Mike McCoy
WAS,2016,6.264223722275796,6.20497,1037,0.059253839310708045,4.346709470304976,4.2483487,623,0.09836075738383343,,,,,1660.0,-0.59295052133468,0.8156202788642983,,0.11133487876480919,2,0.1397482653286061,Jay Gruden
CAR,2016,6.385518590998043,6.2066326,1022,0.17888597686230057,4.249240121580547,4.255192,658,-0.0059516813979687555,,,,,1680.0,0.28947734560856014,-0.06965762376632557,,0.10990986092111729,2,0.1377776203582373,Ron Rivera
HOU,2016,6.350093109869646,6.234324,1074,0.11576913144557377,4.29173166926677,4.268813,641,0.022918536027024317,,,,,1715.0,-0.17608370185871408,0.1753578876047565,,-0.00036290712697878424,2,-0.014717646058659451,Bill O'Brien
IND,2016,6.386521308225967,6.206034,1009,0.18048712472376938,4.166939443535188,4.233883,611,-0.06694346051754607,,,,,1620.0,0.30128769624655094,-0.5872821269153146,,-0.1429972153343818,2,-0.21196540917630283,Chuck Pagano
CLE,2016,6.46336822074215,6.351826,1051,0.11154202979366357,4.2313167259786475,4.255437,562,-0.024120171299184534,,,,,1613.0,-0.20726355344699418,-0.2238498066119244,,-0.2155566800294593,2,-0.31230727141120385,Hue Jackson
BAL,2016,6.333675564681725,6.185995,974,0.14768046275301394,4.172757475083056,4.2644553,602,-0.09169784336787146,,,,,1576.0,0.05929993830068233,-0.7973674090406007,,-0.36903373536995915,2,-0.524549376668073,John Harbaugh
SF,2016,6.531481481481482,6.4122715,1080,0.1192099818476926,4.192377495462795,4.283169,551,-0.09079129726181456,,,,,1631.0,-0.1507033789542347,-0.7896737413938616,,-0.47018856017404814,2,-0.6644355174705429,Chip Kelly
CIN,2016,6.250244379276637,6.1782556,1023,0.0719888212627211,4.200320512820513,4.2591224,624,-0.05880185885307121,,,,,1647.0,-0.4990150355240283,-0.5181860523747038,,-0.508600543949366,2,-0.717555120824145,Marvin Lewis
PIT,2016,6.265008576329331,6.1260333,1166,0.13897527020750466,4.09261744966443,4.22929,745,-0.136672558880492,,,,,1911.0,-0.004911106043076357,-1.1790584353975422,,-0.5919847707203093,2,-0.832866453816674,Mike Tomlin
BUF,2016,6.257,6.1691513,1000,0.08784869384765592,4.049270072992701,4.253058,548,-0.20378788370285594,,,,,1548.0,-0.3820298021114761,-1.7486521932177337,,-1.0653409976646049,2,-1.4874667256306877,Rex Ryan
NE,2016,6.179640718562874,6.0664787,1169,0.11316198931482724,3.986522911051213,4.2196927,742,-0.23316979601055454,,,,,1911.0,-0.19531444467027967,-1.9980103522906485,,-1.096662398480464,2,-1.5307808225424622,Bill Belichick
ATL,2016,5.852472089314195,5.917183,1254,-0.06471083304908642,4.1245508982035926,4.204396,835,-0.07984487282301878,,,,,2089.0,-1.5073359335287537,-0.6967737212078479,,-1.1020548273683008,2,-1.538237966263804,Dan Quinn
DAL,2016,5.985928705440901,6.019393,1066,-0.03346426178322037,4.064697609001406,4.1989374,711,-0.13423980707525374,,,,,1777.0,-1.2768556813512228,-1.1584121784322805,,-1.2176339298917518,2,-1.6980713171764439,Jason Garrett
CHI,2016,6.1594349142280524,6.2105036,991,-0.05106866395798271,4.056737588652482,4.2248864,564,-0.16814882873643366,,,,,1555.0,-1.4067088744632075,-1.4461909699842495,,-1.4264499222237284,2,-1.9868411644054962,John Fox
KC,2016,6.0351035103510355,6.134273,1111,-0.09916954186454063,4.099236641221374,4.2398596,655,-0.14062293977227824,,,,,1766.0,-1.761509482041385,-1.2125844937594592,,-1.4870469879004222,2,-2.0706403274991367,Andy Reid
LA,2017,6.646296296296296,6.2677684,1080,0.3785279132701733,4.440758293838862,4.262826,633,0.17793232795751468,,,,,1713.0,1.7620716810632977,1.490927595318128,,1.6264996381907129,2,2.235056633332666,Sean McVay
CAR,2017,6.595166163141994,6.3097897,993,0.28537650554922056,4.507154213036566,4.2873235,629,0.21983073815253285,,,,,1622.0,1.0749703745058425,1.8465106603310233,,1.460740517418433,2,2.005829764989482,Ron Rivera
NO,2017,6.552910052910053,6.266103,1134,0.2868072620775335,4.422287390029325,4.2492404,682,0.17304699162234272,,,,,1816.0,1.0855238884464407,1.4494667651913118,,1.2674953268188762,2,1.7385926461079615,Sean Payton
DEN,2017,6.740384615384615,6.37052,936,0.36986450048593333,4.385496183206107,4.2942214,524,0.0912747819915074,,,,,1460.0,1.6981688116495604,0.7554830842337289,,1.2268259479416446,2,1.6823513104031376,Vance Joseph
NYJ,2017,6.74496644295302,6.363422,1043,0.3815445259913499,4.334476843910807,4.292591,583,0.04188574894010344,,,,,1626.0,1.7843227515818172,0.33632866599450006,,1.0603257087881586,2,1.452099555798468,Todd Bowles
PHI,2017,6.478559176672384,6.1913943,1166,0.2871648476013391,4.344516129032258,4.248793,775,0.09572300387967037,,,,,1941.0,1.0881615026985934,0.7932342152548888,,0.9406978589767411,2,1.2866672269399415,Doug Pederson
ARI,2017,6.61144578313253,6.3052497,996,0.3061960921230087,4.320534223706177,4.2816563,599,0.038877958447387506,,,,,1595.0,1.2285393380548302,0.3108021756733053,,0.7696707568640677,2,1.0501553123228475,Bruce Arians
BAL,2017,6.530038759689923,6.2437553,1032,0.2862834191137509,4.310743801652893,4.2667317,605,0.044012062608703495,,,,,1637.0,1.0816599298262535,0.35437424643395843,,0.718017088130106,2,0.9787238962586379,John Harbaugh
HOU,2017,6.67017913593256,6.3862057,949,0.28397346271478696,4.311909262759924,4.288669,529,0.02324015341544161,,,,,1478.0,1.0646212816871565,0.17808738727318216,,0.6213543344801693,2,0.8450498021794111,Bill O'Brien
CLE,2017,6.585074626865672,6.4946303,1005,0.0904442901041973,4.4865831842576025,4.2994184,559,0.18716473485574703,,,,,1564.0,-0.3628842237160562,1.5692811062756868,,0.6031984412798153,2,0.8199421729828978,Hue Jackson
WAS,2017,6.540330417881438,6.309839,1029,0.23049164606136952,4.275132275132275,4.256548,567,0.018584347275830027,,,,,1596.0,0.6701299154405925,0.138574532023467,,0.4043522237320298,2,0.5449594419090197,Jay Gruden
SEA,2017,6.501941747572816,6.228027,1030,0.2739148806599738,4.239388794567063,4.262568,589,-0.02317920241169702,,,,,1619.0,0.9904273962583816,-0.2158640000016686,,0.3872816981283565,2,0.521352758265482,Pete Carroll
ATL,2017,6.393084622383985,6.095778,1099,0.29730663395014734,4.179216867469879,4.2305865,664,-0.05136966130819687,,,,,1763.0,1.1629691177586639,-0.45511054257643546,,0.3539292875911142,2,0.4752299954061679,Dan Quinn
DET,2017,6.39628180039139,6.239194,1022,0.15708788407058893,4.3427152317880795,4.2757883,604,0.0669269245981381,,,,,1626.0,0.1286907466286203,0.5488478988380652,,0.3387693227333427,2,0.4542654098536556,Jim Caldwell
GB,2017,6.584,6.3355227,1000,0.24847734832763635,4.254545454545455,4.267167,550,-0.012621636824174054,,,,,1550.0,0.8027956456625698,-0.1262641437490689,,0.33826575095675043,2,0.453569024757038,Mike McCarthy
MIN,2017,6.434173669467787,6.2376766,1071,0.1964970489843889,4.287856071964018,4.2605186,667,0.027337521091215677,,,,,1738.0,0.41937973743513757,0.2128608918012786,,0.3161203146182081,2,0.4229442905262666,Mike Zimmer
SF,2017,6.621052631578947,6.365827,1045,0.2552255479913006,4.215034965034965,4.2761283,572,-0.06109332704877524,,,,,1617.0,0.8525715633782109,-0.5376332648253779,,0.15746914927641653,2,0.20354695286629698,Kyle Shanahan
TEN,2017,6.393626184323859,6.2719817,1161,0.12164446816785279,4.30327868852459,4.25949,732,0.04378867540203135,,,,,1893.0,-0.13274617602726202,0.3524784058217866,,0.10986611489726228,2,0.13771712435654498,Mike Mularkey
MIA,2017,6.4606625258799175,6.3238683,966,0.13679425119119681,4.303956834532374,4.2813025,556,0.022654382444971866,,,,,1522.0,-0.020998689176773864,0.17311607127083953,,0.07605869104703283,2,0.09096512748401614,Adam Gase
TB,2017,6.417085427135678,6.2581263,995,0.15895916828558043,4.224956063268893,4.2672086,569,-0.04225251293349963,,,,,1564.0,0.14249367092701273,-0.3777352066588533,,-0.11762076786592028,2,-0.17687253732847183,Dirk Koetter
BUF,2017,6.408014571948998,6.2502413,1098,0.15777329234694726,4.2270531400966185,4.2802505,621,-0.05319740921978777,,,,,1719.0,0.13374643965284033,-0.4706222577333912,,-0.16843790904027545,2,-0.24714712659559182,Sean McDermott
KC,2017,6.396520146520147,6.116604,1092,0.2799162952017875,4.049050632911392,4.2164397,632,-0.16738909105711386,,,,,1724.0,1.03469489445042,-1.4397432348229176,,-0.2025241701862488,2,-0.2942847251760862,Andy Reid
CIN,2017,6.397779833487512,6.238734,1081,0.15904606502437701,4.193979933110368,4.2632365,598,-0.06925658956419234,,,,,1679.0,0.1431346366861301,-0.6069131704882909,,-0.23188926690108036,2,-0.33489346590283625,Marvin Lewis
IND,2017,6.636904761904762,6.3367324,1008,0.30017237436203725,4.076635514018691,4.2717733,535,-0.19513782429917992,,,,,1543.0,1.1841073273621368,-1.6752409439367655,,-0.24556680828731436,2,-0.35380802073392714,Chuck Pagano
NE,2017,6.244003308519438,6.0418572,1209,0.20214606593520923,4.083554376657825,4.209687,754,-0.12613285631336613,,,,,1963.0,0.4610478884876824,-1.0896101788718442,,-0.3142811451920809,2,-0.44883248868219217,Bill Belichick
JAX,2017,6.511373209772536,6.3317113,1187,0.17966191750569038,4.125177809388336,4.2588854,703,-0.13370757421762125,,,,,1890.0,0.29520082143064647,-1.1538952292225935,,-0.4293472038959735,2,-0.6079563556911272,Doug Marrone
DAL,2017,6.185410334346504,6.119518,987,0.06589253115436566,4.199329983249581,4.248126,597,-0.04879604671868076,,,,,1584.0,-0.5439823527239177,-0.43326881255273036,,-0.488625582638324,2,-0.6899319179181835,Jason Garrett
LV,2017,6.427402862985685,6.280777,978,0.14662588544662292,4.121212121212121,4.2526584,561,-0.13144624594486132,,,,,1539.0,0.051521189027694925,-1.1347038080091008,,-0.5415913094907029,2,-0.763177767916211,Jack Del Rio
NYG,2017,6.406796116504855,6.3358088,1030,0.07098736253756943,4.154109589041096,4.2666407,584,-0.1125310741058767,,,,,1614.0,-0.5064019727196141,-0.9741746913565678,,-0.7402883320380909,2,-1.037954178501936,Ben McAdoo
LAC,2017,6.300706357214934,6.178111,991,0.12259528085995353,4.054673721340388,4.2388916,567,-0.18421788022211238,,,,,1558.0,-0.12573281295505934,-1.58256565705548,,-0.8541492350052697,2,-1.1954114459650624,Anthony Lynn
PIT,2017,6.260869565217392,6.18214,989,0.0787296917127529,4.095320623916811,4.265297,577,-0.16997631211834552,,,,,1566.0,-0.44929317938819685,-1.4617004401330145,,-0.9554968097606057,2,-1.335564139024155,Mike Tomlin
CHI,2017,6.195740365111562,6.2036276,986,-0.007887221253183974,4.066666666666666,4.2521896,570,-0.18552296956380232,,,,,1556.0,-1.088194893543203,-1.5936416779850031,,-1.340918285764103,2,-1.8685601969476477,John Fox
NE,2018,6.294926913155632,6.002555,1163,0.2923720196619799,4.306176084099868,4.2127137,761,0.09346236568556154,0.611731843575419,0.46441075,716.0,0.1473210915173898,2640.0,1.1265705274666753,0.7740486505949197,1.868414364157656,1.2563445140730838,3,1.7231722826716063,Bill Belichick
CLE,2018,6.477828054298643,6.243106,1105,0.2347221659319434,4.364188163884673,4.2612495,659,0.10293862164834522,0.42443729903536975,0.37855926,622.0,0.04587803747492969,2386.0,0.70133498041606,0.8544716576830025,0.6228553595814419,0.7262206658935014,3,0.9900685536817206,Hue Jackson
DEN,2018,6.56530408773679,6.2820206,1003,0.2832835188891334,4.315789473684211,4.250738,589,0.06505132976331218,0.41681901279707495,0.3812283,547.0,0.03559071484823767,2139.0,1.0595321336468186,0.5329301168271131,0.4965434355999966,0.6963352286913094,3,0.9487402385518603,Vance Joseph
ARI,2018,6.78,6.427813,1050,0.35218694686889673,4.457350272232305,4.292917,551,0.1644334974825492,0.232,0.32543045,500.0,-0.0934304528236389,2101.0,1.567776040523749,1.3763658376753898,-1.0876308451484826,0.6188370110168854,3,0.8415686171236088,Steve Wilks
PIT,2018,5.98155737704918,5.971043,976,0.010514267155381063,4.424635332252836,4.2321534,617,0.1924819165729046,0.450354609929078,0.36819735,564.0,0.08215725823497094,2157.0,-0.9524622509834393,1.6144069180527225,1.0683063618527635,0.5767503429740156,3,0.7833673243710984,Mike Tomlin
KC,2018,6.274478330658106,6.0708346,1246,0.20364369396987314,4.205461638491547,4.215192,769,-0.009730202633940976,0.5224089635854342,0.42497027,714.0,0.09743869438224817,2729.0,0.4720946585208012,-0.10172514508872342,1.255938039307296,0.5421025175797912,3,0.7354531434016509,Andy Reid
CAR,2018,6.576634512325831,6.25853,933,0.31810437240273526,4.393939393939394,4.264025,561,0.12991418260516507,0.26996197718631176,0.340564,526.0,-0.07060203534115406,2020.0,1.3163769256902562,1.0834076149382188,-0.8073342666993298,0.5308167579763817,3,0.7198461631117543,Ron Rivera
NYJ,2018,6.4203454894433785,6.2191825,1042,0.20116299814088823,4.314516129032258,4.258797,620,0.055718960300568554,0.40414507772020725,0.38087475,579.0,0.023270324721855196,2241.0,0.4537966060600892,0.4537282444422345,0.34526868340863986,0.41759784463698785,3,0.5632766976060727,Todd Bowles
LA,2018,6.416740088105727,6.1109166,1135,0.30582347357325634,4.239766081871345,4.236759,684,0.0030068960803291134,0.3442879499217527,0.3649702,639.0,-0.020682257292602757,2458.0,1.2257908375367346,0.0063719540401234575,-0.19439896381704697,0.34592127591993704,3,0.464155784656936,Sean McVay
NO,2018,6.421395348837209,6.2093315,1075,0.21206383638603743,4.352173913043479,4.283282,690,0.06889210991237515,0.38810641627543035,0.3999112,639.0,-0.01180477876431879,2404.0,0.5342031225482856,0.5655260165542795,-0.08539767808872217,0.33811048700461427,3,0.45335431156750766,Sean Payton
WAS,2018,6.520491803278689,6.2966576,976,0.22383424102282934,4.2134251290877796,4.243211,581,-0.029785663453724354,0.36822429906542054,0.37598318,535.0,-0.007758879550149533,2092.0,0.621023714985028,-0.27193165639431344,-0.03572048485568872,0.10445719124500859,3,0.1302371701667733,Jay Gruden
TEN,2018,6.473041709053916,6.2865453,983,0.1864964324120706,4.2063492063492065,4.2639394,567,-0.05759017429654545,0.43289224952741023,0.4030466,529.0,0.029845641556218827,2079.0,0.34561341568716847,-0.5079027383674948,0.4260030931549709,0.08790459015821488,3,0.10734671990146137,Mike Vrabel
ATL,2018,6.327093596059114,6.113108,1015,0.21398543794754143,4.231391585760518,4.2307763,618,0.000615275793476755,0.35008665511265163,0.380817,577.0,-0.030730340984913063,2210.0,0.5483771965198512,-0.013925228310893259,-0.3177734150284036,0.07222618439351809,3,0.0856651868593521,Dan Quinn
MIN,2018,6.555102040816327,6.281749,980,0.2733532691488465,4.183970856102004,4.2455897,549,-0.061618877021775376,0.294,0.33064905,500.0,-0.036649048089981096,2029.0,0.9862848501335902,-0.5420934977876074,-0.39044570392736594,0.017915216139538965,3,0.010559014049417231,Mike Zimmer
PHI,2018,6.327985739750446,6.1606593,1122,0.16732642654854146,4.258666666666667,4.244165,750,0.014501722971598241,0.3309557774607703,0.36127174,701.0,-0.030315961545272163,2573.0,0.20421205205987258,0.10392615141337193,-0.3126854960256897,-0.0015157641841483938,3,-0.016311922208479147,Doug Pederson
NYG,2018,6.446428571428571,6.209866,1008,0.2365625245230536,4.216867469879518,4.261564,581,-0.04469630804406588,0.338768115942029,0.37054044,552.0,-0.03177232414052106,2141.0,0.7149097918271131,-0.39847518585219266,-0.3305673072700651,-0.004710900431714886,3,-0.020730448758011506,Pat Shurmur
BAL,2018,6.2363813229571985,6.170525,1028,0.06585624895207154,4.366153846153846,4.2617874,650,0.10436643160306502,0.3693379790940767,0.40502065,574.0,-0.035682675107430895,2252.0,-0.5442499766837805,0.8665891828490423,-0.37858018408910504,-0.018746992641281084,3,-0.04014084045160137,John Harbaugh
GB,2018,6.268611670020121,6.1881995,994,0.08041214990903711,4.193661971830986,4.2411823,568,-0.04752035543952182,0.44337811900191937,0.38765883,521.0,0.05571928454452191,2083.0,-0.4368830692977709,-0.4224422868458554,0.7436901867610259,-0.038545056460866776,3,-0.0675194133318037,Mike McCarthy
DAL,2018,6.394327538883806,6.206695,1093,0.18763245908033888,4.2385466034755135,4.2475758,633,-0.009029156412181827,0.30067567567567566,0.37948543,592.0,-0.07880975265760681,2318.0,0.35399294990086,-0.09577551208144362,-0.9081119523380609,-0.21663150483954818,3,-0.31379363743490346,Jason Garrett
TB,2018,6.211716341212744,6.1381803,973,0.07353608532285172,4.268892794376098,4.2505417,569,0.018351107364379615,0.3157894736842105,0.34595245,532.0,-0.03016297754488495,2074.0,-0.4876021413626231,0.13659507356165798,-0.3108070963556775,-0.22060472138554754,3,-0.31928816456466524,Dirk Koetter
HOU,2018,6.214883720930232,6.1241145,1075,0.09076920753301554,4.1370481927710845,4.241659,664,-0.10461097165762645,0.40387722132471726,0.36539203,619.0,0.03848519203928635,2358.0,-0.360487575127201,-0.9069584344471392,0.5320830017426144,-0.24512100261057523,3,-0.35319151988201375,Bill O'Brien
MIA,2018,6.5239043824701195,6.3142705,1004,0.2096338861017113,4.263450834879406,4.2764473,539,-0.012996461263171888,0.28346456692913385,0.38448292,508.0,-0.10101835324069647,2051.0,0.5162793782262275,-0.12944520055385517,-1.1807981672436727,-0.26465466319043346,3,-0.380204451786684,Adam Gase
BUF,2018,6.505795574288725,6.340038,949,0.16575775156533634,4.2637571157495255,4.2848425,527,-0.021085375400376805,0.2769857433808554,0.35240722,491.0,-0.07542147364490143,1967.0,0.19264122713199774,-0.19809412704404125,-0.8665092869399417,-0.29065406228399504,3,-0.4161587981011125,Sean McDermott
SEA,2018,6.415430267062314,6.2439275,1011,0.17150278827203103,4.144927536231884,4.25228,621,-0.10735269905864353,0.28596187175043325,0.32205072,577.0,-0.03608884870282908,2209.0,0.23501763693586755,-0.9302269028244766,-0.3835673484045401,-0.3595922047643831,3,-0.5114927648629478,Pete Carroll
SF,2018,6.339,6.2537045,1000,0.08529545211792033,4.217013888888889,4.268908,576,-0.05189413494533923,0.2936802973977695,0.33676305,538.0,-0.04308275673469203,2114.0,-0.40086296600432547,-0.4595616409008229,-0.4694413908265928,-0.4432886659105804,3,-0.6272358840986417,Kyle Shanahan
JAX,2018,6.327024185068349,6.2587485,951,0.06827565372679611,4.221388367729831,4.266369,533,-0.04498049823696615,0.3245967741935484,0.369252,496.0,-0.04465522208521444,1980.0,-0.5264040179111072,-0.4008870487216363,-0.4887487588392661,-0.47201327515733654,3,-0.666958900191743,Doug Marrone
CIN,2018,6.25587958607714,6.156123,1063,0.09975642476122193,4.169657422512235,4.2429056,613,-0.07324819424801898,0.3229706390328152,0.3695063,579.0,-0.04653566046288182,2255.0,-0.29419626669829685,-0.6407890865717052,-0.511837544719805,-0.48227429932993565,3,-0.6811487826315148,Marvin Lewis
LV,2018,6.452155625657203,6.293086,951,0.15906957371628483,4.119675456389452,4.257844,493,-0.13816851486298898,0.27405857740585776,0.37586173,478.0,-0.10180315674598245,1922.0,0.1433080409676167,-1.1917543016823182,-1.1904343033207943,-0.7462935213451652,3,-1.0462587033585786,Jon Gruden
CHI,2018,5.96421845574388,5.995414,1062,-0.03119532446852258,4.112857142857143,4.23665,700,-0.12379284722464412,0.2942989214175655,0.32409972,649.0,-0.02980079810681807,2411.0,-1.260119597253643,-1.069751009990426,-0.3063601101660885,-0.8787435724700524,3,-1.2294227445877948,Matt Nagy
DET,2018,5.97411003236246,6.164124,927,-0.19001397963094835,4.026119402985074,4.2561316,536,-0.23001224603225978,0.52834008097166,0.40277264,494.0,0.12556744575017864,1957.0,-2.4315941690035126,-1.9712128844634098,1.6013142691982711,-0.9338309280895505,3,-1.3056025768355328,Matt Patricia
LAC,2018,6.447272727272727,6.217507,1100,0.2297658417441628,4.060975609756097,4.2364144,656,-0.1754388227695376,0.13486842105263158,0.32801497,608.0,-0.19314654877311305,2364.0,0.6647762540536204,-1.5080596282495942,-2.311985557094231,-1.0517563104300682,3,-1.4686805780106575,Anthony Lynn
IND,2018,6.070984915705413,6.0956674,1127,-0.024682446507721778,4.104477611940299,4.2301264,670,-0.12564876898011157,0.13247172859450726,0.32632512,619.0,-0.19385338994721027,2416.0,-1.212079454159714,-1.0855018306817488,-2.320664440015417,-1.5394152416189597,3,-2.143059937017898,Frank Reich
NE,2019,6.441414141414142,6.1539392,990,0.28747489428279405,4.360134003350084,4.236017,597,0.1241167761772326,0.6624087591240876,0.4422466,548.0,0.22016217303972174,2135.0,1.0904484620171222,1.0342062362421172,2.762786737402999,1.629147145220746,3,2.2387178481278673,Bill Belichick
BAL,2019,6.148494288681205,6.1037564,963,0.044737860916312044,4.644295302013423,4.2594457,596,0.3848496347465771,0.5135623869801085,0.39839625,553.0,0.11516613339429305,2112.0,-0.7000229528177075,3.246991603708995,1.4736027330406503,1.3401904613106461,3,1.839122124942659,John Harbaugh
PHI,2019,6.645544554455445,6.278473,1010,0.36707165406482023,4.4034267912772584,4.27494,642,0.1284867773917604,0.44481605351170567,0.37705776,598.0,0.06775829255780247,2250.0,1.6775682810520018,1.0712935247272692,0.8915100151233538,1.2134572736342084,3,1.663863885209784,Doug Pederson
TB,2019,6.3474976392823415,6.153989,1059,0.19350880108654067,4.52112676056338,4.2485714,710,0.2725553646893566,0.39668174962292607,0.34892824,663.0,0.04775350670109685,2432.0,0.3973378908848438,2.293973564492795,0.6458831322023286,1.1123981958599891,3,1.524110152154821,Bruce Arians
ARI,2019,6.56484962406015,6.232947,1064,0.3319027513489683,4.474097331240189,4.2864885,637,0.18760879822016907,0.37520938023450584,0.36643204,597.0,0.008777339304711529,2298.0,1.418156216355759,1.5730497793935014,0.16731792413872237,1.0528413066293278,3,1.4417494401589994,Kliff Kingsbury
HOU,2019,6.345374449339207,6.1251063,1135,0.22026811465292795,4.205755395683453,4.2295003,695,-0.02374489804823643,0.5045454545454545,0.37032384,660.0,0.13422161774201824,2490.0,0.5947193343207184,-0.22066494083376303,1.7075737066071182,0.6938760333646913,3,0.9453394383983695,Bill O'Brien
KC,2019,6.364831552999179,6.0766544,1217,0.288177118795077,4.295302013422819,4.2180214,745,0.07728062060055318,0.3904208998548621,0.38083097,689.0,0.009589926468097587,2651.0,1.0956281945803883,0.63671755646026,0.17729519925048026,0.6365469834303762,3,0.866059586283404,Andy Reid
ATL,2019,6.573056994818653,6.255889,965,0.317168055914844,4.168157423971378,4.2430406,559,-0.0748831377046475,0.444234404536862,0.39177424,529.0,0.05246016738094772,2053.0,1.309470489191641,-0.6546645105490062,0.703673422987731,0.45282646721012193,3,0.6119940580195455,Dan Quinn
BUF,2019,6.4230396902226525,6.1805234,1033,0.24251629468432245,4.382775119617225,4.287643,627,0.0951321638371958,0.3582608695652174,0.38779682,575.0,-0.02953594964483508,2235.0,0.7588258566170869,0.7882198790961285,-0.30310819321834953,0.41464584749828864,3,0.559194406047639,Sean McDermott
CIN,2019,6.577268195413759,6.339082,1003,0.23818643119256766,4.318095238095238,4.2756805,525,0.04241469610305071,0.37044534412955465,0.36874247,494.0,0.001702878156654264,2022.0,0.7268880154702058,0.34081773019897027,0.08045481785054724,0.3827201878399078,3,0.5150446847581859,Zac Taylor
CLE,2019,6.372727272727273,6.2119865,990,0.16074073097922614,4.423357664233577,4.2533636,548,0.16999405491961195,0.3235294117647059,0.36905488,510.0,-0.0455254719537847,2048.0,0.1556347933691446,1.423557128405703,-0.499434040056995,0.35991929390595084,3,0.4835135238328916,Freddie Kitchens
SEA,2019,6.552278820375335,6.2266426,1119,0.3256362117327569,4.311953352769679,4.250257,686,0.061696337541407686,0.22342064714946072,0.3140434,649.0,-0.09062275552235324,2454.0,1.3719331085870463,0.5044569978756672,-1.0531567977260055,0.274411102912236,3,0.36526497890903387,Pete Carroll
LV,2019,6.40295358649789,6.2258997,948,0.17705389014779271,4.238351254480286,4.234141,558,0.004210381524964113,0.39543726235741444,0.3618741,526.0,0.033563158811271865,2032.0,0.27596354902659237,0.0165856838955012,0.47164827936713544,0.2547325040964097,3,0.33805161315927945,Jon Gruden
NYJ,2019,6.392716535433071,6.161193,1016,0.23152364145113769,4.361426256077796,4.27741,617,0.08401622571280587,0.32989690721649484,0.39267603,582.0,-0.06277911841254874,2215.0,0.6777420964909867,0.6938812316303531,-0.7112813164559586,0.22011400388846045,3,0.29017798573875364,Adam Gase
LA,2019,6.088631984585742,6.0002346,1038,0.08839738070390624,4.276771004942339,4.239076,607,0.03769486739961447,0.362657091561939,0.34397238,557.0,0.018684706632282,2202.0,-0.37798259053363437,0.3007615288087025,0.2889646026913461,0.07058118032213807,3,0.08339032481895638,Sean McVay
SF,2019,6.478031634446397,6.19379,1138,0.28424167549253987,4.223837209302325,4.252389,688,-0.028551744860272343,0.22364217252396165,0.29579738,626.0,-0.07215520530082167,2452.0,1.0665996667114763,-0.26145964675495403,-0.8264047180689381,-0.007088232704138608,3,-0.02401804119503659,Kyle Shanahan
NYG,2019,6.445297504798464,6.2834864,1042,0.16181113852649176,4.296108291032149,4.278632,591,0.01747612703068402,0.32972972972972975,0.36360157,555.0,-0.0338718356312932,2188.0,0.163530309306793,0.1291692980385934,-0.3563459617794996,-0.021215451478037755,3,-0.04355445103391821,Pat Shurmur
JAX,2019,6.338100102145046,6.2756515,979,0.062448647219508935,4.335106382978723,4.2591333,564,0.07597304405050043,0.35271317829457366,0.36872482,516.0,-0.016011644703473216,2059.0,-0.5693850515039602,0.6256204271123299,-0.13705128612545917,-0.026938636839029834,3,-0.051468995048965634,Doug Marrone
NO,2019,6.121240601503759,6.1023936,1064,0.01884697433701099,4.321167883211679,4.2697845,685,0.051383432680673025,0.31061806656101426,0.34180805,631.0,-0.031189984309881125,2380.0,-0.8909987247551525,0.41693352616163915,-0.3234171023928208,-0.26582743366211137,3,-0.3818262660268633,Sean Payton
MIN,2019,6.47770154373928,6.272037,1166,0.20566451447292255,4.147517730496454,4.2427115,705,-0.09519381354041112,0.2883435582822086,0.3332164,652.0,-0.04487284067218289,2523.0,0.48700058900467325,-0.8270369784433348,-0.49142076820570585,-0.2771523858814558,3,-0.39748744544964076,Mike Zimmer
CAR,2019,6.574237954768928,6.3048553,1017,0.2693826080892405,4.224283305227656,4.262013,593,-0.03772965329895506,0.18518518518518517,0.32673392,540.0,-0.14154873181272437,2150.0,0.9569965498416086,-0.3393506406576906,-1.6784466111493734,-0.35360023398848517,3,-0.5032065197998487,Ron Rivera
MIA,2019,5.9768563162970105,6.1152334,1037,-0.13837710502867306,4.161061946902655,4.258239,565,-0.09717684551677852,0.5793357933579336,0.4412327,542.0,0.13810308228119716,2144.0,-2.050711422582212,-0.8438665570572541,1.7552319041382571,-0.37978202516706977,3,-0.5394130945664168,Brian Flores
PIT,2019,5.901864573110893,6.072008,1019,-0.17014355982367757,4.328042328042328,4.258301,567,0.06974154679232836,0.3820662768031189,0.36349672,513.0,0.01856955601225585,2099.0,-2.28502642788767,0.5727350101152013,0.2875507366261932,-0.4749135603820918,3,-0.6709696797873104,Mike Tomlin
DET,2019,6.084888059701493,6.1670094,1072,-0.08212129393620238,3.987460815047022,4.2735815,638,-0.28612068977475547,0.6213114754098361,0.4360835,610.0,0.18522797979292327,2320.0,-1.6357585813017304,-2.4473935391993855,2.3338505290358618,-0.583100530488418,3,-0.820580514095971,Matt Patricia
DAL,2019,6.29,6.189741,1000,0.10025886535644535,4.194398682042833,4.2420387,607,-0.04764004476380723,0.2777777777777778,0.36708912,540.0,-0.08931134475602043,2147.0,-0.2904901757449568,-0.4234580651672913,-1.0370547638891658,-0.5836676682671379,3,-0.8213648040724705,Jason Garrett
CHI,2019,6.2851445663010965,6.1787167,1003,0.10642790675519809,4.065,4.248008,600,-0.18300777435302695,0.3321554770318021,0.3433728,566.0,-0.011217314973736847,2169.0,-0.24498623212246437,-1.572295741039176,-0.07818455915092339,-0.6318221774375212,3,-0.8879572623474787,Matt Nagy
GB,2019,6.0867579908675795,6.0995374,1095,-0.012779381721531813,4.0637958532695375,4.2187605,627,-0.15496463714794295,0.36379310344827587,0.33381575,580.0,0.029977349988345448,2302.0,-1.1242803369297387,-1.3342994869200497,0.42762026275975495,-0.6769865203633446,3,-0.9504146453344875,Matt LaFleur
WAS,2019,6.527255639097745,6.426429,1064,0.10082684423690491,4.0547008547008545,4.2678013,585,-0.21310043008918456,0.3643122676579926,0.38068205,538.0,-0.01636978352380064,2187.0,-0.2863006627745261,-1.8276858312892619,-0.14144865996990608,-0.7518117180112313,3,-1.0538897702631977,Bill Callahan
TEN,2019,6.2693844924060755,6.1916127,1251,0.07777177191657358,3.9547218628719274,4.239362,773,-0.2846399001285609,0.39502762430939226,0.38082197,724.0,0.014205651223988813,2748.0,-0.45635896572074214,-2.434826386446276,0.23396894184047848,-0.8857388034421799,3,-1.2390963895830582,Mike Vrabel
IND,2019,6.007261410788382,6.1219788,964,-0.11471734897724328,4.213333333333333,4.2470355,600,-0.03370217005411824,0.29695885509839,0.35401404,559.0,-0.05705518394122183,2123.0,-1.8761928651765423,-0.3051702307132236,-0.6410005250339921,-0.9407878736412526,3,-1.3152232772508152,Frank Reich
DEN,2019,6.078629032258065,6.1728625,992,-0.09423349749657373,4.073426573426573,4.2444177,572,-0.1709910939623427,0.3559322033898305,0.3640464,531.0,-0.008114191435151186,2095.0,-1.725100343227128,-1.4703126819037262,-0.04008314844043763,-1.078498724523764,3,-1.5056624334046425,Vic Fangio
LAC,2019,6.267326732673268,6.1938167,909,0.07351007083855077,4.071283095723015,4.2573013,491,-0.18601823484339164,0.11739130434782609,0.34363803,460.0,-0.22624672832696335,1860.0,-0.4877940288132792,-1.5978448910733074,-2.718403000708766,-1.6013473068651176,3,-2.2287052595815093,Anthony Lynn
MIA,2020,6.485249237029501,6.144119,983,0.3411304511713471,4.4229452054794525,4.248977,584,0.17396802118379817,0.5397412199630314,0.3835086,541.0,0.15623262711902197,2108.0,1.4862213670561097,1.4572833509019734,1.9778338164601121,1.6404461781393984,3,2.254343183971724,Brian Flores
KC,2020,6.461152882205514,6.101663,1197,0.35948976956513334,4.505681818181818,4.239964,704,0.2657178098505195,0.47297297297297297,0.40743834,666.0,0.06553463517008601,2567.0,1.621642956106743,2.235944663265499,0.8642070468865796,1.5739315554196072,3,2.1623606819287,Andy Reid
ARI,2020,6.511025886864813,6.1643286,1043,0.3466973117305354,4.490259740259741,4.2744794,616,0.2157803510690668,0.44366197183098594,0.3769184,568.0,0.0667435665365676,2227.0,1.5272835179910667,1.8121358702871102,0.8790507970442346,1.4061567284408039,3,1.9303463107375967,Kliff Kingsbury
BAL,2020,6.441734417344174,6.197317,1107,0.2444172939310878,4.504310344827586,4.250843,696,0.2534672967318832,0.481651376146789,0.40135038,654.0,0.08030099715661565,2457.0,0.7728479642606991,2.1319771145582846,1.0455144346694392,1.3167798378294744,3,1.8067477742490239,John Harbaugh
JAX,2020,6.809248554913295,6.437265,1038,0.3719836356322892,4.317604355716878,4.249854,551,0.06775026788728855,0.3992467043314501,0.38398623,531.0,0.015260469666533105,2120.0,1.7137999283815237,0.555835441538402,0.24692043094641747,0.8388519336221144,3,1.1458253691056008,Doug Marrone
PIT,2020,6.140401146131805,6.0839977,1047,0.05640341969137541,4.531045751633987,4.2573643,612,0.27368147856269776,0.41605839416058393,0.36954656,548.0,0.046511831727341135,2207.0,-0.6139757220546462,2.3035306579665664,0.630637342740282,0.7733974262174007,3,1.055308891451616,Mike Tomlin
TB,2020,6.450980392156863,6.1449738,1275,0.3060066372740504,4.3879716981132075,4.2500067,848,0.1379650223929927,0.2803030303030303,0.31340602,792.0,-0.03310299009987805,2915.0,1.2271418854833904,1.1517334123696426,-0.34690576418468455,0.6773231778894494,3,0.9224486363414516,Bruce Arians
BUF,2020,6.235725938009788,6.0239615,1226,0.21176439397292235,4.450819672131147,4.258026,732,0.19279354908427226,0.32220609579100146,0.3462089,689.0,-0.02400280442224012,2647.0,0.5319943821940182,1.6170516781530224,-0.23516998965493602,0.6379586902307015,3,0.8680118235259139,Sean McDermott
SF,2020,6.471252566735113,6.215179,974,0.25607360021289605,4.430088495575221,4.26355,565,0.16653869088772133,0.3053435114503817,0.35175154,524.0,-0.04640802468052346,2063.0,0.8588269469923022,1.3942321748459836,-0.5102703807624182,0.5809295803586224,3,0.7891467559539448,Kyle Shanahan
CIN,2020,6.510956175298805,6.2471075,1004,0.26384866950046515,4.284684684684684,4.2552514,555,0.029433277061393426,0.43100189035916825,0.38896206,529.0,0.04203983014607926,2088.0,0.9161772372001208,0.23064713543024298,0.5757282916416395,0.574184221424001,3,0.7798186568591253,Zac Taylor
NO,2020,6.387420237010027,6.1885138,1097,0.1989064812116874,4.356390977443609,4.289272,665,0.06711914593115775,0.4045307443365696,0.35736296,618.0,0.04716778852793008,2380.0,0.4371521369290645,0.5504792411834634,0.638691446663894,0.5421076082588073,3,0.7354601832580593,Sean Payton
SEA,2020,6.421097770154374,6.0843115,1166,0.3367862848638463,4.325706594885599,4.23624,743,0.08946668475986641,0.20923520923520925,0.29742655,693.0,-0.08819134234521983,2602.0,1.454178025803251,0.7401381402972956,-1.0233029195555376,0.3903377488483364,3,0.5255789446302209,Pete Carroll
NYJ,2020,6.343453510436433,6.1557536,1054,0.18769989791812236,4.401587301587302,4.254514,630,0.14707308421059295,0.3193979933110368,0.3594661,598.0,-0.040068112388502386,2282.0,0.35449039073065997,1.229031632573098,-0.43242636356391184,0.38369855324661545,3,0.516397657899151,Adam Gase
HOU,2020,6.586832061068702,6.332636,1048,0.2541961815521008,4.236521739130435,4.238152,575,-0.001630287999692115,0.37707948243992606,0.3723851,541.0,0.004694368008544836,2164.0,0.8449787739335324,-0.03298285967543396,0.11718554483123413,0.3097271530297775,3,0.41410324212482646,Romeo Crennel
ATL,2020,6.406712734452122,6.1508775,1013,0.2558352587135966,4.2368421052631575,4.2472267,646,-0.010384609824733104,0.4035656401944895,0.4074826,617.0,-0.003916954057143207,2276.0,0.857068897816426,-0.10727896237165248,0.011452236213237104,0.2537473905526702,3,0.3366893080774126,Raheem Morris
PHI,2020,6.447775628626692,6.3206134,1034,0.1271622443798659,4.311304347826087,4.263972,575,0.04733254225357708,0.4068441064638783,0.38433194,526.0,0.02251216485926405,2135.0,-0.09204607994365695,0.3825544643453643,0.33595968879415,0.2088226910652858,3,0.2745633259488086,Doug Pederson
DET,2020,6.413231064237776,6.2754345,1043,0.13779657021922098,4.198275862068965,4.26171,580,-0.06343430486218704,0.5098743267504489,0.42687932,557.0,0.08299501018207422,2180.0,-0.013605406234599986,-0.5575006550711092,1.0785926203961922,0.16916218636349434,3,0.21971715369991404,Matt Patricia
WAS,2020,6.557345971563981,6.3258905,1055,0.23145543048732087,4.351132686084142,4.263474,618,0.08765869850479646,0.2676056338028169,0.35585535,568.0,-0.0882497119231963,2241.0,0.6772389603226051,0.7247941381958651,-1.0240196049326507,0.12600449786193982,3,0.16003475592867547,Ron Rivera
LV,2020,6.337573385518591,6.1596045,1022,0.1779688361106322,4.2040133779264215,4.2159657,598,-0.011952369906830462,0.3391304347826087,0.3376769,575.0,0.0014535222364508438,2195.0,0.2827123527417193,-0.1205842150674536,0.07739312462092741,0.07984042076506437,3,0.09619484911951898,Jon Gruden
TEN,2020,6.315275310834814,6.2149243,1126,0.10035097535507731,4.0814814814814815,4.2199206,675,-0.13843915374190718,0.4500768049155146,0.41793007,651.0,0.032146738329973834,2452.0,-0.289810756056565,-1.1940511573775452,0.4542568936148049,-0.3432016732731018,3,-0.488826439253099,Mike Vrabel
MIN,2020,6.555226824457594,6.3541975,1014,0.2010293223213635,4.125673249551167,4.2577825,557,-0.132109209707866,0.2851782363977486,0.36536384,533.0,-0.08018559989070356,2104.0,0.4528105895038422,-1.1403302431350262,-0.9250051632757722,-0.5375082723023188,3,-0.7575313707607395,Mike Zimmer
CLE,2020,6.277730008598453,6.1154428,1163,0.16228725576031788,4.133977900552487,4.1990914,724,-0.06511353392627317,0.20321637426900585,0.32039008,684.0,-0.11717370117616932,2571.0,0.16704223447722566,-0.5717519217584901,-1.3791600884518758,-0.5946232585777134,3,-0.8365151960752985,Kevin Stefanski
NE,2020,6.132780082987552,6.1996694,964,-0.06688927812694967,4.085769980506822,4.2297015,513,-0.1439315385056288,0.48268839103869654,0.41370493,491.0,0.06898345930270411,1968.0,-1.5234045308359183,-1.2406638808537804,0.906553109849,-0.6191717672802329,3,-0.8704631184952332,Bill Belichick
CHI,2020,6.365241635687732,6.2228017,1076,0.14243995035447998,4.114886731391586,4.2528067,618,-0.1379199321215978,0.2869415807560137,0.35030946,582.0,-0.06336788059919563,2276.0,0.020644989286387423,-1.18964463182416,-0.7185103776278065,-0.6291700067218597,3,-0.8842895981813675,Matt Nagy
DAL,2020,6.407122232916266,6.2763577,1039,0.1307645821594301,4.158379373848987,4.2660007,543,-0.10762137383167669,0.29296875,0.37991703,512.0,-0.08694827556610107,2094.0,-0.06547459749849042,-0.9325070895628779,-1.0080400409421546,-0.6686739093345077,3,-0.9389192067425258,Mike McCarthy
GB,2020,6.0843373493975905,6.051458,1079,0.03287946747010029,4.115085536547434,4.2109547,643,-0.09586912959026161,0.28523489932885904,0.34102768,596.0,-0.05579277773031455,2318.0,-0.787492566320196,-0.8327682448503545,-0.6255001890250785,-0.7485870000652097,3,-1.0494303354362473,Matt LaFleur
DEN,2020,6.001945525291829,6.177742,1028,-0.17579647910270246,4.199341021416804,4.2458158,607,-0.0464747325199637,0.3915343915343915,0.3948071,567.0,-0.003272708761628995,2202.0,-2.3267233632052475,-0.413568303302002,0.019362541522536234,-0.9069763749949044,3,-1.2684656453776355,Vic Fangio
LAC,2020,6.336048879837067,6.1648,982,0.17124871275332687,4.054770318021202,4.256686,566,-0.20191589261112242,0.24675324675324675,0.35573334,539.0,-0.1089800882649112,2087.0,0.23314353084196018,-1.7327649954224678,-1.2785555824266748,-0.9260590156690608,3,-1.2948548657178212,Anthony Lynn
IND,2020,6.178227360308285,6.146368,1038,0.031859333574886683,4.163779527559055,4.2330103,635,-0.06923076449416765,0.19256756756756757,0.32038164,592.0,-0.12781407382037188,2265.0,-0.7950172548827624,-0.606693998507521,-1.50980690389067,-0.9705060524269845,3,-1.3563202921491677,Frank Reich
CAR,2020,6.188188188188188,6.172933,999,0.01525508653413521,4.064144736842105,4.2456727,608,-0.18152796594720133,0.19861830742659758,0.32962775,579.0,-0.13100944487747956,2186.0,-0.9174931263186472,-1.5597369158683372,-1.5490409670871192,-1.3420903364247012,3,-1.8701810157672503,Matt Rhule
LA,2020,5.798190045248869,5.9654837,1105,-0.16729362021744,4.148425787106447,4.2362213,667,-0.08779552637011534,0.17733990147783252,0.30823123,609.0,-0.13089133307264356,2381.0,-2.2640047678294377,-0.7642492589185459,-1.5475907423925959,-1.5252815897135266,3,-2.1235146308565196,Sean McVay
NYG,2020,6.027184466019418,6.146712,1030,-0.11952736030504507,4.066884176182708,4.253822,613,-0.18693767364028968,0.24825174825174826,0.35066998,572.0,-0.10241823179738505,2215.0,-1.9116723619307858,-1.605647976297091,-1.1979864445294373,-1.5717689275857714,3,-2.187801572223116,Joe Judge
MIA,2021,6.626415094339623,6.2707725,1060,0.3556426372168202,4.416024653312789,4.2692633,649,0.14676138579569908,0.48006644518272423,0.3753039,602.0,0.1047625509013369,2311.0,1.5932658255007948,1.2263863131633226,1.3458633232183754,1.3885051539608309,3,1.9059360995798686,Brian Flores
DAL,2021,6.469911504424779,6.17093,1130,0.2989815956723376,4.274741506646972,4.2369475,677,0.037793970178466196,0.41346153846153844,0.36738974,624.0,0.046071799901815536,2431.0,1.1753239325264475,0.30160259341452805,0.625234453328513,0.7007203264231628,3,0.9548043526456632,Mike McCarthy
KC,2021,6.330645161290323,6.04461,1240,0.2860351377917878,4.3276315789473685,4.213811,760,0.11382065823203646,0.36689655172413793,0.36639908,725.0,0.000497472162904411,2725.0,1.0798285627552835,0.9468252315775909,0.06565435365063427,0.6974360493278363,3,0.9502625539812796,Andy Reid
TB,2021,6.589975349219392,6.2162337,1217,0.3737416189032299,4.3654320987654325,4.246173,810,0.11925919379717076,0.24473684210526317,0.30348042,760.0,-0.05874357443106801,2787.0,1.7267671248192624,0.9929809481413194,-0.6617312689742181,0.6860056013287879,3,0.93445548534835,Bruce Arians
CAR,2021,6.725548902195609,6.3928823,1002,0.33266655508867515,4.316939890710382,4.2688875,549,0.04805237087395664,0.3561643835616438,0.3498514,511.0,0.006312983901533342,2062.0,1.4237901682234344,0.38866349965069436,0.13705956794195545,0.6498377452720281,3,0.8844392669951663,Matt Rhule
BAL,2021,6.4916420845624385,6.2639422,1017,0.22769984289373735,4.343558282208589,4.263076,652,0.08048245365634266,0.36084142394822005,0.35186285,618.0,0.00897857614319686,2287.0,0.6495370800657619,0.6638908455263114,0.16978879174610867,0.4944055724460607,3,0.6694934465137672,John Harbaugh
ARI,2021,6.489795918367347,6.2285695,1078,0.26122641076846964,4.346839546191248,4.262262,617,0.08457767866805455,0.2852173913043478,0.32154614,575.0,-0.03632874602856845,2270.0,0.8968349916563582,0.6986461657115897,-0.38651290517103254,0.4029894173989718,3,0.5430748287038477,Kliff Kingsbury
BUF,2021,6.251101321585903,6.0766897,1135,0.17441160143209444,4.313546423135464,4.2404256,657,0.07312083643502465,0.3360655737704918,0.34019613,610.0,-0.004130558889420322,2402.0,0.25647355877011735,0.6014143362071291,0.008829509356528015,0.2889058014445915,3,0.3853095733583188,Sean McDermott
JAX,2021,6.7072243346007605,6.4024167,1052,0.30480762851555543,4.258741258741258,4.2610464,572,-0.0023051508656752873,0.3068391866913124,0.35074458,541.0,-0.04390538857075732,2165.0,1.2182977842004161,-0.03871028000553079,-0.4795419985077586,0.2333485018957089,3,0.3084798596758348,Urban Meyer
MIN,2021,6.452234881682735,6.20813,1141,0.24410499887023462,4.182089552238806,4.23099,670,-0.04890038077510983,0.2629032258064516,0.31855908,620.0,-0.055655854555868356,2431.0,0.7705444204969113,-0.4341542739198227,-0.6238189906968497,-0.09580961470658701,3,-0.1467100804430006,Mike Zimmer
PIT,2021,6.343589743589743,6.2326794,1170,0.11091037652431357,4.257966616084977,4.256321,659,0.001645662715836771,0.324459234608985,0.34690332,601.0,-0.02244408951821225,2430.0,-0.2119227400044513,-0.00518054949619343,-0.21603145520716163,-0.14437824823593545,3,-0.21387522774693185,Mike Tomlin
NE,2021,6.515377446411929,6.271064,1073,0.2443136417854639,4.006688963210703,4.2489805,598,-0.24229155894505894,0.4493783303730018,0.39116064,563.0,0.05821769323272774,2234.0,0.7720834076487473,-2.0754248510144633,0.7743666630173864,-0.17632492678277653,3,-0.2580540158772041,Bill Belichick
WAS,2021,6.446666666666666,6.3069124,1050,0.13975424448649054,4.260663507109005,4.2476892,633,0.012974259977656999,0.26174496644295303,0.33055052,596.0,-0.06880555516921433,2279.0,0.0008347464132731218,0.09096289169656335,-0.7852763537567091,-0.2311595718822909,3,-0.33388437691139233,Ron Rivera
CHI,2021,6.435222672064778,6.2880015,988,0.14722113474177956,4.118773946360153,4.242914,522,-0.12414025346894864,0.3595744680851064,0.35094085,470.0,0.008633614727791339,1980.0,0.05591185341416061,-1.072699374297793,0.16555321542947038,-0.2837447684847207,3,-0.406603994886112,Matt Nagy
IND,2021,6.286538461538462,6.1616273,1040,0.12491116890540521,4.222575516693164,4.2315674,629,-0.008991866119336223,0.26174496644295303,0.32614756,596.0,-0.06440258986197861,2265.0,-0.10865041193931257,-0.09545903714686854,-0.7312149580600785,-0.31177480238208655,3,-0.4453664886777717,Frank Reich
NYJ,2021,6.378909740840036,6.3294163,1119,0.04949346581562164,4.329011345218801,4.290636,617,0.03837528259673029,0.3270547945205479,0.3833426,584.0,-0.056287799387762016,2320.0,-0.664944767530641,0.3065360706146005,-0.6315782659196865,-0.32999565427857563,3,-0.4705639486987809,Robert Saleh
DEN,2021,6.096172718351325,6.1743894,1019,-0.07821664398387984,4.192953020134228,4.233461,596,-0.04050788303349684,0.41354723707664887,0.34795797,561.0,0.06558926836479584,2176.0,-1.6069571906461293,-0.36292889672325823,0.8648778554329303,-0.36833607731215245,3,-0.5235845913155667,Vic Fangio
CIN,2021,6.294920394238059,6.1244655,1319,0.17045492869240508,4.117788461538462,4.218047,832,-0.10025868049034692,0.2913992297817715,0.334763,779.0,-0.04336376069292941,2930.0,0.22728843880709057,-0.8700214474376936,-0.47289167151665984,-0.37187489338242097,3,-0.5284783897482008,Zac Taylor
HOU,2021,6.5046210720887245,6.328116,1082,0.1765051319947304,4.154513888888889,4.258914,576,-0.10440010494655994,0.2757352941176471,0.32850048,544.0,-0.052765185342115495,2202.0,0.2719158115508186,-0.9051688526687085,-0.5883261804455525,-0.40719307385448084,3,-0.5773195990130099,David Culley
LAC,2021,6.202020202020202,6.1359525,1089,0.06606772933343485,4.173174872665535,4.235155,589,-0.06198023292528543,0.3387387387387387,0.35606807,555.0,-0.017329335964477832,2233.0,-0.5426900598784297,-0.545160249941986,-0.1532304344258319,-0.41369358141541585,3,-0.5863090952403783,Brandon Staley
CLE,2021,6.322082931533269,6.1614165,1037,0.1606664009241383,4.1769480519480515,4.2430367,616,-0.06608869503070824,0.24607329842931938,0.32327968,573.0,-0.07720638039224434,2226.0,0.15508652169814277,-0.5800279105796032,-0.8884250966764196,-0.4377888285192933,3,-0.6196302060778621,Kevin Stefanski
NO,2021,6.277988614800759,6.219628,1054,0.05836075759250736,4.15987460815047,4.2749104,638,-0.11503584183121962,0.36993243243243246,0.3674128,592.0,0.00251962687518148,2284.0,-0.5995380505030689,-0.9954321324092765,0.09048319022596736,-0.5014956642287927,3,-0.7077298435138276,Sean Payton
SEA,2021,6.42820945945946,6.1935153,1184,0.23469415870872723,4.117221418234442,4.228113,691,-0.11089175620403413,0.1480916030534351,0.2627935,655.0,-0.11470190809883235,2530.0,0.701128394169693,-0.9602621423754849,-1.3488104094720064,-0.5359813858925994,3,-0.7554198526229438,Pete Carroll
SF,2021,6.240725474031327,6.141364,1213,0.09936137643611254,4.191073919107392,4.2372565,717,-0.04618260783962924,0.2073170731707317,0.30093005,656.0,-0.09361297982495007,2586.0,-0.29711021321802233,-0.41108910209327476,-1.089871985778636,-0.599357100363311,3,-0.8430615853339348,Kyle Shanahan
ATL,2021,6.375912408759124,6.243308,1096,0.13260434143734656,4.075885328836425,4.2363963,593,-0.16051098387719787,0.3356521739130435,0.3724346,575.0,-0.03678241237350133,2264.0,-0.0519042067278605,-1.381370174338333,-0.39208320474785535,-0.608452528604683,3,-0.8556395751440649,Arthur Smith
DET,2021,6.503292568203198,6.359664,1063,0.14362860488532725,4.130052724077329,4.260915,569,-0.1308620784739407,0.29313543599257885,0.3680536,539.0,-0.07491814929832996,2171.0,0.029412715949597983,-1.1297461005728535,-0.8603292662572823,-0.6535542169601792,3,-0.9180103136624219,Dan Campbell
GB,2021,5.858736059479554,5.959468,1076,-0.10073182839886385,4.211161387631976,4.2142696,663,-0.0031082504295474322,0.29193548387096774,0.31583384,620.0,-0.023898352922931798,2359.0,-1.7730331846371232,-0.04552601843338483,-0.23388749173792228,-0.6841488982694767,3,-0.960319436393126,Matt LaFleur
PHI,2021,6.35904255319149,6.27915,1128,0.07989254403621615,4.182926829268292,4.26048,656,-0.07755309779469588,0.2247191011235955,0.333209,623.0,-0.10848990685484383,2407.0,-0.44071577438344944,-0.6773239047327596,-1.2725369360545955,-0.7968588717236015,3,-1.1161850932906803,Nick Sirianni
LA,2021,5.889387144992527,5.907795,1338,-0.018407807400051546,4.201204819277108,4.202787,830,-0.001582103177725891,0.16145833333333334,0.27206388,768.0,-0.11060554782549539,2936.0,-1.1657966031053122,-0.03257392514541001,-1.2985136348667434,-0.8322947210391552,3,-1.1651890257912907,Sean McVay
TEN,2021,6.005469462169553,6.0411057,1097,-0.03563628505334737,4.0966386554621845,4.2224846,714,-0.12584593316086234,0.3167420814479638,0.34004593,663.0,-0.02330384750711434,2474.0,-1.2928769102654238,-1.0871751219444912,-0.22658791286650126,-0.8688799816921388,3,-1.2157824693854062,Mike Vrabel
NYG,2021,6.341333333333333,6.2808976,1125,0.060435715993245154,4.046728971962617,4.255983,642,-0.20925390386135767,0.27182866556836904,0.36793342,607.0,-0.09610475675867258,2374.0,-0.5842327892828606,-1.795041165790574,-1.120467034660882,-1.166580329911439,3,-1.6274697310519002,Joe Judge
LV,2021,5.983420593368237,6.0733204,1146,-0.08989979542570836,4.0879284649776455,4.235388,671,-0.14745933714637793,0.1732283464566929,0.32150468,635.0,-0.14827633584578206,2452.0,-1.6931341880398396,-1.27060357182504,-1.7610508649516188,-1.5749295416054994,3,-2.192172358279463,Rich Bisaccia
MIA,2022,6.717064544650752,6.279678,1131,0.43738667676134746,4.419491525423729,4.258831,708,0.16066050125380738,0.4281391830559758,0.38469014,661.0,0.043449047338583846,2500.0,2.1962243609486207,1.344345205936536,0.5930312324895463,1.377866933124901,3,1.8912245951051707,Mike McDaniel
NYG,2022,6.537489469250211,6.273689,1187,0.26380067606783797,4.441964285714286,4.2608237,672,0.18114055906023285,0.43492063492063493,0.38102326,630.0,0.05389737694982499,2489.0,0.915823229127982,1.518155183273479,0.7213200655979674,1.0517661593331429,3,1.4402626281720396,Brian Daboll
DET,2022,6.53954802259887,6.206351,1062,0.3331972192236261,4.317114093959732,4.229542,596,0.08757231539527854,0.4390681003584229,0.3898094,558.0,0.04925870051520698,2216.0,1.4277044410120996,0.7240610227696531,0.6643645129779169,0.9387099922532233,3,1.2839182230746182,Dan Campbell
CAR,2022,6.658379373848987,6.2968535,1086,0.3615258315211065,4.38562091503268,4.271217,612,0.1144040456784321,0.22530329289428075,0.31811652,577.0,-0.09281322298058192,2275.0,1.6366613102509113,0.9517763191084507,-1.0800522465330367,0.5027951276087751,3,0.6810952904894202,Steve Wilks
DAL,2022,6.48820179007323,6.131218,1229,0.3569838335302613,4.18364418938307,4.220809,697,-0.03716479346605084,0.3270440251572327,0.33589298,636.0,-0.008848950173120096,2562.0,1.603158727410297,-0.33455679311665343,-0.04910481454569083,0.40649903991598424,3,0.5479282556217347,Mike McCarthy
PIT,2022,6.3031809145129225,6.1913643,1006,0.11181662618284438,4.358131487889273,4.2682223,578,0.08990915588854076,0.40782122905027934,0.37199613,537.0,0.03582509453070232,2121.0,-0.20523808177245653,0.7438933004425474,0.49942124450213554,0.34602548772407554,3,0.4642998982682762,Mike Tomlin
JAX,2022,6.5843520782396086,6.2263656,1227,0.35798651198594644,4.2144846796657385,4.238176,718,-0.023691189322298634,0.2688330871491876,0.33877495,677.0,-0.0699418621630225,2622.0,1.6105546615546533,-0.22020912608332247,-0.7992283923803521,0.19703904769699288,3,0.25826782646496704,Doug Pederson
LAC,2022,6.297551789077213,6.143377,1062,0.15417496183722257,4.264309764309765,4.239262,594,0.02504766027534089,0.35507246376811596,0.35599324,552.0,-0.0009207773035850852,2208.0,0.10720451554082006,0.19342732084782743,0.048240510875533965,0.11629078242139383,3,0.1466017420466089,Brandon Staley
TB,2022,6.649466192170818,6.2621017,1124,0.38736454193278114,4.2255054432348365,4.269223,643,-0.043717769960964326,0.22986577181208054,0.33433908,596.0,-0.10447331042897781,2363.0,1.8272522215209293,-0.3901705373177605,-1.2232195343536172,0.07128738328318389,3,0.08436692684496258,Todd Bowles
PHI,2022,6.29260182876143,6.1259303,1203,0.1666715194657753,4.277777777777778,4.239799,702,0.03797875510321713,0.2969502407704655,0.3297172,623.0,-0.03276694830309712,2528.0,0.19938134124989362,0.3031708245145932,-0.3427797065669864,0.0532574863991668,3,0.05943353687511831,Nick Sirianni
CIN,2022,6.289719626168225,6.088807,1177,0.20091252015015826,4.222222222222222,4.236943,702,-0.014720545874701507,0.2957957957957958,0.33908734,666.0,-0.043291541459682115,2545.0,0.4519490359706494,-0.14407714691305532,-0.4720049344490129,-0.05471101513047294,3,-0.08987517911008641,Zac Taylor
LV,2022,6.27882797731569,6.203105,1058,0.07572300447633484,4.240650406504065,4.249997,615,-0.009346732472986119,0.3730834752981261,0.3510922,587.0,0.021991285747726297,2260.0,-0.4714710377705537,-0.09847071384566089,0.3295641235797988,-0.08012587601213861,3,-0.12502117253801587,Josh McDaniels
ARI,2022,6.5127719962157045,6.284853,1057,0.22791901464832165,4.359300476947536,4.2745414,629,0.08475909892629563,0.19932432432432431,0.33678302,592.0,-0.137458697364137,2278.0,0.6511537298042875,0.7001858415890402,-1.6282275075887431,-0.09229597873180517,3,-0.14185110334874057,Kliff Kingsbury
KC,2022,6.162480376766091,6.030433,1274,0.13204719881809268,4.240300375469337,4.223934,799,0.016366201885352538,0.32561307901907355,0.3644228,734.0,-0.03880971913766473,2807.0,-0.05601378951350076,0.1197495949215816,-0.41697530030804103,-0.11774649829998673,3,-0.17704640886882633,Andy Reid
CLE,2022,6.526934378060725,6.282097,1021,0.244837515267756,4.22463768115942,4.263596,552,-0.03895837673242575,0.2625482625482625,0.35008952,518.0,-0.08754125766772564,2091.0,0.775947591378874,-0.3497785600582846,-1.0153209159434322,-0.1963839615409476,3,-0.28579348323308773,Kevin Stefanski
SF,2022,6.367634854771784,6.1596994,1205,0.2079354147693424,4.211096075778078,4.2439795,739,-0.032883378262448915,0.20784883720930233,0.28247368,688.0,-0.07462484614793644,2632.0,0.503751152403629,-0.29822131562231646,-0.8567279710923091,-0.2170660447703322,3,-0.31439455898322977,Kyle Shanahan
WAS,2022,6.414882772680937,6.284486,981,0.13039695572537102,4.306859205776173,4.2715473,554,0.03531188827129039,0.28487229862475444,0.36262634,509.0,-0.07775404534077596,2044.0,-0.06818627528573049,0.28053768216709446,-0.8951495492727384,-0.2275993807971248,3,-0.3289610191537393,Ron Rivera
GB,2022,6.3364102564102565,6.289792,975,0.04661819555820568,4.373046875,4.2682266,512,0.10482025146484375,0.24267782426778242,0.34111533,478.0,-0.09843750142153337,1965.0,-0.6861532709651191,0.8704406573241811,-1.1491094207525627,-0.3216073447978336,3,-0.45896382736605784,Matt LaFleur
NE,2022,6.343255813953489,6.1841836,1075,0.15907221638879143,4.167692307692308,4.264268,650,-0.0965756137554461,0.348993288590604,0.38043225,596.0,-0.03143895952493553,2321.0,0.14332753378878296,-0.838764028548831,-0.3264741211700503,-0.34063687197669945,3,-0.485279597508538,Bill Belichick
BUF,2022,6.025732031943212,5.998854,1127,0.026877871634374273,4.210374639769452,4.2315826,694,-0.021208001832110135,0.2696456086286595,0.32306096,649.0,-0.05341535094890093,2470.0,-0.8317614017682895,-0.19913483198354553,-0.596309177740354,-0.5424018038307297,3,-0.7642985935969253,Sean McDermott
NO,2022,6.344957587181904,6.229279,1061,0.11567854589162074,4.1116838487972505,4.254389,582,-0.1427049604068511,0.3302063789868668,0.3538296,533.0,-0.023623213479487593,2176.0,-0.17675187697274786,-1.2302541684610913,-0.23050921794154608,-0.5458384211251284,3,-0.7690510622177699,Dennis Allen
HOU,2022,6.447841726618705,6.313403,1112,0.13443859704106842,4.2236135957066185,4.2544765,559,-0.030862951534592398,0.2230769230769231,0.3419449,520.0,-0.1188679800583766,2191.0,-0.038374412034332374,-0.28107437555511033,-1.399963132464266,-0.5731373066845696,3,-0.8068024572354018,Lovie Smith
CHI,2022,6.440944881889764,6.357723,1016,0.08322164580577951,4.17907444668008,4.2677946,497,-0.08872016238974378,0.28721174004192873,0.34299788,477.0,-0.055786138747973,1990.0,-0.41615972921468486,-0.7720964518872161,-0.6254186729043861,-0.6045582846687624,3,-0.8502542585603586,Matt Eberflus
BAL,2022,6.332415059687787,6.2082033,1089,0.124211743952924,4.168888888888889,4.249457,675,-0.080567993587918,0.25961538461538464,0.35851806,624.0,-0.09890267940667957,2388.0,-0.11380949445289469,-0.7029106962567939,-1.1548210649217825,-0.6571804185438237,3,-0.9230249567730224,John Harbaugh
ATL,2022,6.434050514499532,6.270632,1069,0.1634187243383991,4.072413793103448,4.2593102,580,-0.18689645241046815,0.3041144901610018,0.37608376,559.0,-0.07196927129262676,2208.0,0.1753881474091828,-1.6052981403206108,-0.824121744824982,-0.7513439125788034,3,-1.0532428461375765,Arthur Smith
SEA,2022,6.323858742463393,6.209002,1161,0.1148567244885399,4.067524115755627,4.2587247,622,-0.19120057372801558,0.2152777777777778,0.30928668,576.0,-0.09400890602005851,2359.0,-0.18281377741664975,-1.6418263198662595,-1.0947333283527518,-0.973124475211887,3,-1.3599412865908926,Pete Carroll
TEN,2022,6.144700460829493,6.1756244,1085,-0.03092390974545811,4.11864406779661,4.2400856,708,-0.12144153401003077,0.27802690582959644,0.35200232,669.0,-0.07397541684420117,2462.0,-1.2581175941127438,-1.04979590535123,-0.8487540144253052,-1.0522225046297597,3,-1.4693252739763285,Mike Vrabel
IND,2022,6.298507462686567,6.2583356,1072,0.04017187232401831,4.146804835924007,4.2724905,579,-0.12568566547980176,0.25375939849624063,0.36900213,532.0,-0.11524273511162375,2183.0,-0.7337024945900621,-1.0858149635759808,-1.3554509031170263,-1.0583227870943563,3,-1.4777613023460094,Frank Reich
LA,2022,6.02512077294686,6.073079,1035,-0.04795833624503487,4.243243243243243,4.234382,592,0.008861090685869932,0.148014440433213,0.31799135,554.0,-0.16997690568762136,2181.0,-1.383766545542207,0.056055282150450574,-2.0274992721498535,-1.1184035118472033,3,-1.5608464219986653,Sean McVay
NYJ,2022,6.243970315398887,6.2045646,1078,0.03940574401827135,4.104825291181364,4.2735786,601,-0.16875335261746383,0.25359712230215825,0.37164572,556.0,-0.11804859651078425,2235.0,-0.739353592869181,-1.4513214380256299,-1.3899024085878136,-1.1935258131608748,3,-1.6647324090420144,Robert Saleh
DEN,2022,6.077212806026365,6.195187,1062,-0.11797428580102753,4.262910798122066,4.263611,639,-0.0007000417216840304,0.19435215946843853,0.349497,602.0,-0.15514483097383747,2303.0,-1.9002166089046135,-0.025088053614504155,-1.8453850368216458,-1.2568965664469212,3,-1.7523672809732256,Nathaniel Hackett
MIN,2022,6.070145423438837,6.154458,1169,-0.08431262252063565,4.127906976744186,4.2484956,688,-0.12058860202168287,0.21052631578947367,0.33243883,646.0,-0.12191251077150045,2503.0,-1.6519222096386332,-1.0425572495346342,-1.437345116674373,-1.3772748586158803,3,-1.9188373901402496,Kevin O'Connell
DAL,2023,6.492850333651096,6.1938386,1049,0.29901173730710173,4.4035087719298245,4.253218,570,0.1502905979491116,0.6035087719298246,0.4381539,570.0,0.16535487917431613,2189.0,1.1755462625709943,1.2563380003216194,2.089840530933926,1.5072415979421798,3,2.0701357109511314,Mike McCarthy
DET,2023,6.592039800995025,6.1622787,1206,0.4297611488038626,4.346828609986504,4.226405,741,0.12042346624871136,0.40945945945945944,0.375999,740.0,0.033460455810701506,2687.0,2.1399771141171624,1.0028618855062916,0.47038725022753697,1.2044087499503304,3,1.651350759310462,Dan Campbell
NYG,2023,6.447222222222222,6.2946105,1080,0.1526117218865286,4.5816993464052285,4.3022566,612,0.279442762237748,0.5024469820554649,0.4291878,613.0,0.07325917759493938,2305.0,0.09567378037681423,2.352425470396149,0.9590521150317083,1.1357171219348905,3,1.5563576952907385,Brian Daboll
CLE,2023,6.558365758754864,6.2566533,1028,0.3017124498864554,4.392384105960265,4.269135,604,0.12324910763873209,0.46677740863787376,0.39176792,602.0,0.07500948957430564,2234.0,1.1954671976090234,1.0268425143992308,0.9805431561610966,1.0676176227231169,3,1.4621834811218584,Kevin Stefanski
MIN,2023,6.437092264678472,6.1466174,1073,0.29047485211133317,4.619565217391305,4.2460628,644,0.37350246180658786,0.235202492211838,0.35064608,642.0,-0.11544358637474036,2359.0,1.1125766830933008,3.150690514611526,-1.3579170364734876,0.9684500537437796,3,1.3250454993780407,Kevin O'Connell
BAL,2023,6.402972749793559,6.128195,1211,0.27477794083359797,4.254569190600522,4.2421513,766,0.012417930224545515,0.5202614379084968,0.41690013,765.0,0.10336130978235236,2742.0,0.9967934811887488,0.08624143716288345,1.328658315839525,0.8038977447303858,3,1.0974875206795431,John Harbaugh
DEN,2023,6.374296435272045,6.2430267,1066,0.13126970187360776,4.382594417077176,4.2547736,609,0.12782080028640408,0.49261083743842365,0.3959949,609.0,0.09661593578131916,2284.0,-0.06174874488852143,1.0656415159935542,1.2458358751556657,0.7499095487535662,3,1.0228277068870582,Sean Payton
KC,2023,6.220759101471727,6.072701,1291,0.14805812414628772,4.338101430429129,4.2436094,769,0.09449200202336705,0.5071895424836601,0.39883167,765.0,0.10835787696776045,2825.0,0.06208563572709226,0.7827869593551187,1.3900081964055235,0.7449602638292449,3,1.0159833831572112,Andy Reid
MIA,2023,6.181491464510333,6.0979347,1113,0.08355674160994209,4.3147590361445785,4.251549,664,0.0632102690547347,0.5414781297134238,0.41421288,663.0,0.12726524719465548,2440.0,-0.41368800312384835,0.5173054187399138,1.6221605646604078,0.5752593267588244,3,0.7813054108180775,Mike McDaniel
TB,2023,6.367932489451476,6.138804,1185,0.22912853055865412,4.367847411444142,4.2750154,734,0.09283205728764798,0.35733695652173914,0.35589227,736.0,0.0014446857182875972,2655.0,0.6600753337029749,0.7686993547388177,0.07728462626319141,0.502019771568328,3,0.6800230572622252,Todd Bowles
LAC,2023,6.161319890009166,6.1071367,1091,0.05418316362977116,4.296124031007752,4.2638254,645,0.03229861444281035,0.5092879256965944,0.41188267,646.0,0.09740525696299762,2382.0,-0.6303527245943218,0.25496465591939504,1.2555274810977624,0.2933798041409452,3,0.39149663336603346,Brandon Staley
BUF,2023,6.2868778280542985,6.0781865,1105,0.2086913160608903,4.227409638554217,4.2496557,664,-0.02224608501756009,0.38310708898944196,0.3669601,663.0,0.016146980709260073,2432.0,0.5093268144119467,-0.20794482737722603,0.2578053734626655,0.18639578683246208,3,0.243549352177886,Sean McDermott
ATL,2023,6.239925023430178,6.1613984,1067,0.07852661263305905,4.234295415959253,4.2804084,589,-0.0461129664565183,0.5187074829931972,0.41602823,588.0,0.10267925161082725,2244.0,-0.4507911267022099,-0.41049807020583406,1.3202837286861029,0.15299817725935297,3,0.19736408395901403,Arthur Smith
WAS,2023,6.334239130434782,6.1853447,1104,0.1488944343898604,4.351735015772871,4.267217,634,0.08451785650163046,0.3659305993690852,0.40242836,634.0,-0.03649775942417349,2372.0,0.06825440842849408,0.6981384674673418,-0.3885881202636475,0.12593491854406277,3,0.15993853528594945,Ron Rivera
PHI,2023,6.225945017182131,6.1196923,1164,0.10625269159008965,4.254445964432285,4.24905,731,0.0053958240514253575,0.4385245901639344,0.3984279,732.0,0.04009668651174325,2627.0,-0.24627865025999085,0.02664628726908314,0.5518695851606702,0.11074574072325416,3,0.13893355137707022,Nick Sirianni
CIN,2023,6.317658349328215,6.1816993,1042,0.13595907335775603,4.193979933110368,4.2468824,598,-0.05290250554929976,0.4388609715242881,0.37711424,597.0,0.06174673516946022,2237.0,-0.027159109020175837,-0.4681194718150809,0.8176976727480713,0.10747303063760484,3,0.13440774863129457,Zac Taylor
LA,2023,6.108695652173913,6.0820622,1104,0.02663340775862988,4.2140718562874255,4.2385607,668,-0.0244888202872815,0.468562874251497,0.3634021,668.0,0.1051607758342149,2440.0,-0.8335646106788114,-0.22697845365345362,1.3507528906281394,0.09673660876529144,3,0.11956044278450079,Sean McVay
SF,2023,6.278994322789943,6.1118326,1233,0.16716170407656428,4.229987293519695,4.2340436,787,-0.004056304655353671,0.3106060606060606,0.30842358,792.0,0.002182481866894348,2812.0,0.20299702988807733,-0.053571956831560456,0.08634358692947955,0.07858955332866548,3,0.09446503525574919,Kyle Shanahan
PIT,2023,6.2625,6.1953454,1120,0.06715459823608416,4.365930599369086,4.279442,634,0.08648876587299181,0.40683229813664595,0.41273835,644.0,-0.005906054877346356,2398.0,-0.534673122063554,0.7148651640620168,-0.012970751254953295,0.055740430247836516,3,0.06286717865634157,Mike Tomlin
NO,2023,6.147826086956521,6.157944,1035,-0.010118115466574373,4.1745762711864405,4.27892,590,-0.10434390245857905,0.5476190476190477,0.3896893,588.0,0.15792975113505414,2213.0,-1.10465036497745,-0.904691873880144,1.9986717941807615,-0.0035568148922774747,3,-0.019134473750585957,Dennis Allen
SEA,2023,6.26678445229682,6.14104,1132,0.1257446039691832,4.18312101910828,4.24516,628,-0.06203908373595812,0.3869426751592357,0.35756993,628.0,0.029372742221613624,2388.0,-0.10250284707407614,-0.54565970449265,0.42019664312213706,-0.07598863614819638,3,-0.11929981896677602,Pete Carroll
LV,2023,6.392523364485982,6.213276,1070,0.17924745506215345,4.247524752475248,4.2584367,606,-0.010911927364840146,0.3118811881188119,0.36577275,606.0,-0.053891565835121835,2282.0,0.2921436729297208,-0.1117541963071066,-0.6021563374620774,-0.1405889536131544,3,-0.2086350446694464,Antonio Pierce
HOU,2023,6.195364238410596,6.133996,1208,0.06136822858393565,4.272992700729927,4.271469,685,0.0015235845189893737,0.37298091042584436,0.38173226,681.0,-0.00875134479456885,2574.0,-0.5773544110047341,-0.0062166016806127445,-0.047906376078935976,-0.21049246292142762,3,-0.3053040089489297,DeMeco Ryans
GB,2023,6.2558528428093645,6.181292,1196,0.07456078577201097,4.244011976047904,4.2435102,668,0.0005017297710487867,0.3408408408408408,0.36047584,666.0,-0.01963499734351587,2530.0,-0.4800437690881377,-0.01488886971129562,-0.181540280962613,-0.22549097325401543,3,-0.3260453204214682,Matt LaFleur
JAX,2023,6.1581439393939394,6.068976,1056,0.08916801394838281,4.304747320061256,4.2601476,653,0.0445997484975349,0.2986217457886677,0.3631394,653.0,-0.06451764515676689,2362.0,-0.37229826302735924,0.35936181394887917,-0.7326276536832578,-0.24852136758724597,3,-0.3578938554831834,Doug Pederson
CHI,2023,6.155729676787463,6.1047673,1021,0.05096235424718021,4.21996879875195,4.238021,641,-0.01805209815967146,0.32608695652173914,0.3399686,644.0,-0.01388163540674292,2306.0,-0.6541099859078615,-0.17235133601059743,-0.11089816717201162,-0.31245316303015686,3,-0.4463045878076412,Matt Eberflus
NE,2023,6.0606060606060606,6.1262374,1056,-0.06563133181947656,4.309719934102142,4.2819233,607,0.0277966400347589,0.4471947194719472,0.4770738,606.0,-0.02987906917093608,2269.0,-1.5141256957373321,0.21675733847767287,-0.3073211540702787,-0.534896503776646,3,-0.7539195784371078,Bill Belichick
CAR,2023,6.329918032786885,6.346844,976,-0.016926163532694716,4.3096646942800785,4.299178,507,0.010486570805957385,0.36633663366336633,0.4157108,505.0,-0.04937417318325232,1988.0,-1.1548677351255239,0.06985039276509987,-0.5466899563692192,-0.543902432909881,3,-0.7663738006971799,Frank Reich
NYJ,2023,6.183348924228251,6.134297,1069,0.04905203015476456,4.170212765957447,4.287843,564,-0.11763046142902756,0.42730496453900707,0.4502552,564.0,-0.02295022082666981,2197.0,-0.6682008752670325,-1.0174521275555546,-0.2222459409075171,-0.6359663145767014,3,-0.893688154101568,Robert Saleh
TEN,2023,6.099630996309963,6.1330876,1084,-0.03345663873032034,4.218954248366013,4.261335,612,-0.0423806477216333,0.3523654159869494,0.41114172,613.0,-0.058776307407444495,2309.0,-1.2767994523608541,-0.37882265986978125,-0.6621331777481322,-0.7725850966595892,3,-1.0826170976662675,Mike Vrabel
IND,2023,6.042001787310098,6.123477,1119,-0.08147519480660126,4.213464696223317,4.2610707,609,-0.047606032078684635,0.31433224755700323,0.3609075,614.0,-0.04657524746481684,2342.0,-1.6309928395166524,-0.4231694066055722,-0.5123236100023397,-0.8554952853748548,3,-1.1972728874918672,Shane Steichen
ARI,2023,6.128598848368522,6.215273,1042,-0.0866740550738605,4.105065666041276,4.2602067,533,-0.1551410333300618,0.33146067415730335,0.35790044,534.0,-0.026439766535598264,2109.0,-1.6693405550224052,-1.3357965245117494,-0.26509199991730276,-1.0900763598171526,3,-1.521673046086215,Jonathan Gannon
DET,2024,6.307407407407408,6.0298862,1080,0.27752116167986873,4.482195845697329,4.2272553,674,0.25494050130645984,0.6005917159763313,0.4387221,676.0,0.1618696121421791,2430.0,1.0170279647436797,2.144479894391236,2.047047007254977,1.7361849554632975,3,2.3867395191037866,Dan Campbell
DEN,2024,6.150828247602441,6.0498633,1147,0.10096490913198242,4.448126801152738,4.2730956,694,0.17503119339516982,0.6115107913669064,0.4342388,695.0,0.17727199990114717,2536.0,-0.28528227161846703,1.4663062716237008,2.236163777705591,1.1390625925702749,3,1.5609841179775286,Sean Payton
KC,2024,6.151315789473684,6.092238,1216,0.05907784010234618,4.425106990014266,4.2598853,701,0.16522167888755668,0.5769230769230769,0.42721602,702.0,0.14970705371636606,2619.0,-0.5942487227143174,1.3830549688017075,1.8977101767646918,0.8955054742840273,3,1.2241710652336855,Andy Reid
CLE,2024,6.362376237623763,6.2490697,1010,0.113306546919417,4.435100548446069,4.2831225,547,0.1519780089258056,0.5695970695970696,0.45823252,546.0,0.11136454758626635,2103.0,-0.19424816213718066,1.2706587051941065,1.4269253190022788,0.8344452873530681,3,1.1397314557242832,Kevin Stefanski
WAS,2024,6.146218487394958,6.12344,1190,0.022778698576598977,4.4003189792663475,4.256297,627,0.14402186775511705,0.5589171974522293,0.41458577,628.0,0.1443314282757462,2445.0,-0.8619976293542414,1.2031365951670032,1.8317060650392059,0.7242816769506559,3,0.9873871424806372,Dan Quinn
HOU,2024,6.049079754601227,5.994744,1141,0.05433593059609976,4.406626506024097,4.2529225,664,0.1537039710814696,0.4962292609351433,0.37826067,663.0,0.11796858884270556,2468.0,-0.6292258883528595,1.2853065858786161,1.5080124188652986,0.7213643721303518,3,0.9833528266321627,DeMeco Ryans
DAL,2024,6.16374269005848,6.1287155,1026,0.035027174921760995,4.375444839857651,4.244976,562,0.130468796156479,0.5405405405405406,0.42127734,555.0,0.11926319631370341,2143.0,-0.771650695196145,1.0881145044253369,1.5239081350196848,0.6134573147496255,3,0.8341290812342044,Mike McCarthy
TB,2024,6.288014311270126,6.098408,1118,0.18960608907163934,4.415451895043732,4.2490253,686,0.16642655019509878,0.3408769448373409,0.35082918,707.0,-0.00995223921798749,2511.0,0.3685507947994133,1.3932804601864106,-0.06265144538657307,0.566393269866417,3,0.7690446166818014,Todd Bowles
PIT,2024,6.14455626715462,6.0443134,1093,0.10024283636848708,4.403125,4.2489786,640,0.15414638519287127,0.4515625,0.40916213,640.0,0.04240036606788633,2373.0,-0.2906084084033608,1.2890612621301716,0.5801550980713042,0.5262026505993717,3,0.7134653535411953,Mike Tomlin
NYJ,2024,6.215984776403426,6.1511564,1051,0.06482835092735151,4.3303730017761985,4.2709,563,0.05947322913215558,0.5417406749555951,0.43137074,563.0,0.11036993978713805,2177.0,-0.5518319348427886,0.48558994066900024,1.4147131206224128,0.4494903754828748,3,0.6073806053444856,Robert Saleh
SEA,2024,6.1332064700285445,6.069546,1051,0.06366024734177689,4.284965034965035,4.262453,572,0.02251195574140219,0.495114006514658,0.38300034,614.0,0.11211366247664833,2237.0,-0.560448074088339,0.17190732555568564,1.4361232557756223,0.34919416908098966,3,0.46868184057611884,Mike Macdonald
CIN,2024,6.086753731343284,6.0202374,1072,0.06651628551198474,4.286189683860233,4.235672,601,0.05051768678992019,0.48172757475083056,0.39966106,602.0,0.08206651060288134,2275.0,-0.5393814299404978,0.40958612142901724,1.0671921255813885,0.31246560568996934,3,0.4178902248529999,Zac Taylor
MIN,2024,6.039426523297491,6.0319543,1116,0.007472234814825285,4.462078651685394,4.246649,712,0.2154298632332452,0.3300561797752809,0.3495667,712.0,-0.01951051829905992,2540.0,-0.9749008211234347,1.809161353155527,-0.18001187671486377,0.2180828851057429,3,0.2873691689712287,Kevin O'Connell
LA,2024,6.1019541206457095,6.0471215,1177,0.05483259583491851,4.227134146341464,4.2455955,656,-0.01846130882821395,0.48628048780487804,0.38455376,656.0,0.10172672751473216,2489.0,-0.6255623974527936,-0.17582422157067093,1.3085882510985447,0.1690672106916934,3,0.21958581265687346,Sean McVay
NYG,2024,6.182347235693501,6.2122216,1031,-0.02987438677353982,4.3498168498168495,4.2607837,546,0.08903317748408579,0.4936014625228519,0.43653703,547.0,0.05706443516384313,2124.0,-1.2503761265073656,0.7364590545012004,0.7602064922116242,0.08209647340181965,3,0.09931472498717188,Brian Daboll
LV,2024,6.059396299902629,6.0813413,1027,-0.021944966729450677,4.415254237288136,4.265251,590,0.15000307762016707,0.41116751269035534,0.414058,591.0,-0.002890487158964117,2208.0,-1.1918873177407,1.2538978752824177,0.024055613546408096,0.028688723696041963,3,0.025457605371227626,Antonio Pierce
BAL,2024,6.125868055555555,6.019468,1152,0.10640022489759637,4.195086705202312,4.249854,692,-0.05476738262727743,0.5040871934604905,0.4473194,734.0,0.056767805070903066,2578.0,-0.24519041841434577,-0.4839462944599754,0.7565643474952878,0.009142544873655548,3,-0.0015726379038126144,John Harbaugh
ATL,2024,6.106017191977077,6.098363,1047,0.007654269308620343,4.1982608695652175,4.2222667,575,-0.024005804476530557,0.5074380165289256,0.41331866,605.0,0.0941193526934001,2227.0,-0.9735581024079024,-0.22287919925126798,1.2151818143608408,0.006248170900556775,3,-0.005575242880095786,Raheem Morris
NE,2024,6.159241706161137,6.173298,1055,-0.014056175918940816,4.339892665474061,4.2822733,559,0.0576193729325567,0.55,0.4999679,560.0,0.05003209710121159,2174.0,-1.1336981974077331,0.46985664991934534,0.6738605902687618,0.0033396809267913032,3,-0.009597368752793479,Jerod Mayo
NO,2024,6.101185050136737,6.1795816,1097,-0.07839659201414229,4.226475279106858,4.27491,627,-0.048434694037672976,0.5757575757575758,0.4247924,627.0,0.15096516681439953,2351.0,-1.608284519236548,-0.43020208774705615,1.9131578001906877,-0.04177626893097212,3,-0.07198782938048219,Dennis Allen
PHI,2024,5.977473853580048,6.0147743,1243,-0.03730046892971739,4.176392572944297,4.241114,754,-0.06472156661258754,0.5642384105960265,0.42934808,755.0,0.1348903292457,2752.0,-1.3051522257306616,-0.5684253769531749,1.7157844179538593,-0.052597728243325724,3,-0.0869527327747383,Nick Sirianni
SF,2024,6.293359762140733,6.1694846,1009,0.1238751468148056,4.206896551724138,4.2667584,551,-0.05986189020091093,0.4047186932849365,0.37666205,551.0,0.0280566475676971,2111.0,-0.11629229464929614,-0.5271823172429927,0.40403709861183273,-0.0798125044268187,3,-0.12458781365679143,Kyle Shanahan
CAR,2024,5.979627989371125,6.1411195,1129,-0.16149149076193137,4.3291592128801435,4.269298,559,0.05986113625050482,0.532258064516129,0.42931792,558.0,0.10294014311605881,2246.0,-2.2212072317831977,0.48888202744367565,1.323487060512278,-0.13627938127574804,3,-0.20267537399672841,Dave Canales
BUF,2024,5.958263772954925,5.937729,1198,0.020534891118987098,4.241329479768786,4.236128,692,0.00520162637523125,0.3945086705202312,0.3897736,692.0,0.004735063266202877,2582.0,-0.8785483511684186,0.0249981721115373,0.1176852177275007,-0.24528832044312684,3,-0.35342290227952583,Sean McDermott
JAX,2024,6.024523160762943,6.1528034,1101,-0.128280260257565,4.150572831423895,4.2659307,611,-0.11535782119451277,0.5918032786885246,0.42513794,610.0,0.16666534161958535,2322.0,-1.9762353045710006,-0.9981647040829457,2.1059309208997177,-0.28948969591807616,3,-0.41454860582680386,Doug Pederson
MIA,2024,6.018108651911469,6.0093894,994,0.008719251429290864,4.263333333333334,4.2594914,600,0.003841889699300438,0.4023372287145242,0.43033743,599.0,-0.02800020033210665,2193.0,-0.9657026053791822,0.013458370658750593,-0.284251639624843,-0.41216529144842484,3,-0.5841956361352535,Mike McDaniel
TEN,2024,6.0230923694779115,6.1547885,996,-0.13169612463219593,4.279441117764471,4.2756267,501,0.0038144583711607893,0.4960159362549801,0.4464017,502.0,0.04961425077867698,1999.0,-2.0014313261047048,0.013225566700512803,0.6687301034702846,-0.4398252186446358,3,-0.6224463125399525,Brian Callahan
GB,2024,6.107606679035251,6.049379,1078,0.058227807117526176,4.197138314785374,4.2426634,629,-0.04552506869851314,0.31746031746031744,0.35271758,630.0,-0.03525726095078485,2337.0,-0.600518716789301,-0.40550870460144317,-0.3733567763507804,-0.4597947325805081,3,-0.6500619823174498,Matt LaFleur
CHI,2024,6.014763779527559,6.1171174,1016,-0.10235362541018489,4.276243093922652,4.2660704,543,0.010172728016890176,0.40515653775322286,0.39143452,543.0,0.013722017270205888,2102.0,-1.7849958470671725,0.06718687449914947,0.2280306877950021,-0.496592761591007,3,-0.7009496614507534,Matt Eberflus
IND,2024,6.074954296160877,6.152395,1094,-0.07744047541505061,4.213913043478261,4.257219,575,-0.04330579425977632,0.4124783362218371,0.38318563,577.0,0.02929271114554316,2246.0,-1.6012320336055725,-0.3866741855025624,0.41921398907660956,-0.5228974100105085,3,-0.7373261344434793,Shane Steichen
LAC,2024,5.8699633699633695,6.0013485,1092,-0.1313851255200289,4.232258064516129,4.254836,620,-0.022578017942366913,0.3751937984496124,0.35888633,645.0,0.016307467129803466,2357.0,-1.9991373414883014,-0.2107618728506015,0.25977589089342384,-0.6500411078151597,3,-0.9131520651165277,Jim Harbaugh
ARI,2024,5.81086323957323,6.082148,1031,-0.27128483553052973,4.247672253258846,4.2546716,537,-0.006999320380070451,0.40484429065743943,0.38720623,578.0,0.0176380640701439,2146.0,-3.0310624179528465,-0.07854871721232475,0.2761135003645355,-0.9444992116002119,3,-1.320355654725622,Jonathan Gannon
